DHB of residence,Ethnic group,Age group,First dose administered,Second dose administered,Population,First dose uptake per 1000 people,Second dose uptake per 1000 people,,,,,,,,,,,,,,,
Auckland Metro,Asian,12-15,"5,569",0,"19,805",281,0,,,,,,,,,,,,,,,
Auckland Metro,Asian,16-19,"8,935","2,725","17,516",510,156,,,,,,,,,,,,,,,
Auckland Metro,Asian,20-24,"15,003","6,567","26,285",571,250,,,,,,,,,,,,,,,
Auckland Metro,Asian,25-29,"24,851","11,398","43,435",572,262,,,,,,,,,,,,,,,
Auckland Metro,Asian,30-34,"32,511","14,849","52,106",624,285,,,,,,,,,,,,,,,
Auckland Metro,Asian,35-39,"32,182","14,592","49,367",652,296,,,,,,,,,,,,,,,
Auckland Metro,Asian,40-44,"25,570","12,030","34,079",750,353,,,,,,,,,,,,,,,
Auckland Metro,Asian,45-49,"20,021","10,086","27,402",731,368,,,,,,,,,,,,,,,
Auckland Metro,Asian,50-54,"18,545","9,854","24,026",772,410,,,,,,,,,,,,,,,
Auckland Metro,Asian,55-59,"17,968","10,387","22,937",783,453,,,,,,,,,,,,,,,
Auckland Metro,Asian,60-64,"16,004","10,747","21,174",756,508,,,,,,,,,,,,,,,
Auckland Metro,Asian,65+,"34,530","27,493","43,208",799,636,,,,,,,,,,,,,,,
Auckland Metro,European or Other,12-15,"8,757",0,"36,710",239,0,,,,,,,,,,,,,,,
Auckland Metro,European or Other,16-19,"11,001","2,498","34,875",315,72,,,,,,,,,,,,,,,
Auckland Metro,European or Other,20-24,"15,927","6,837","48,529",328,141,,,,,,,,,,,,,,,
Auckland Metro,European or Other,25-29,"19,432","8,925","56,797",342,157,,,,,,,,,,,,,,,
Auckland Metro,European or Other,30-34,"20,907","8,480","55,928",374,152,,,,,,,,,,,,,,,
Auckland Metro,European or Other,35-39,"20,700","8,085","52,548",394,154,,,,,,,,,,,,,,,
Auckland Metro,European or Other,40-44,"23,041","9,060","52,014",443,174,,,,,,,,,,,,,,,
Auckland Metro,European or Other,45-49,"28,601","11,966","60,002",477,199,,,,,,,,,,,,,,,
Auckland Metro,European or Other,50-54,"36,628","15,420","59,535",615,259,,,,,,,,,,,,,,,
Auckland Metro,European or Other,55-59,"40,059","18,622","58,137",689,320,,,,,,,,,,,,,,,
Auckland Metro,European or Other,60-64,"38,329","22,472","50,250",763,447,,,,,,,,,,,,,,,
Auckland Metro,European or Other,65+,"129,609","106,583","147,880",876,721,,,,,,,,,,,,,,,
Auckland Metro,Maori,12-15,"1,779",0,"13,714",130,0,,,,,,,,,,,,,,,
Auckland Metro,Maori,16-19,"2,755",799,"12,373",223,65,,,,,,,,,,,,,,,
Auckland Metro,Maori,20-24,"3,646","1,354","15,978",228,85,,,,,,,,,,,,,,,
Auckland Metro,Maori,25-29,"3,676","1,369","15,398",239,89,,,,,,,,,,,,,,,
Auckland Metro,Maori,30-34,"3,449","1,226","12,593",274,97,,,,,,,,,,,,,,,
Auckland Metro,Maori,35-39,"3,144","1,160","9,808",321,118,,,,,,,,,,,,,,,
Auckland Metro,Maori,40-44,"3,731","1,896","9,334",400,203,,,,,,,,,,,,,,,
Auckland Metro,Maori,45-49,"4,609","2,512","10,177",453,247,,,,,,,,,,,,,,,
Auckland Metro,Maori,50-54,"5,116","2,898","9,349",547,310,,,,,,,,,,,,,,,
Auckland Metro,Maori,55-59,"5,240","3,784","8,453",620,448,,,,,,,,,,,,,,,
Auckland Metro,Maori,60-64,"4,476","3,408","6,044",741,564,,,,,,,,,,,,,,,
Auckland Metro,Maori,65+,"7,404","6,241","9,177",807,680,,,,,,,,,,,,,,,
Auckland Metro,Pacific Peoples,12-15,"2,953",0,"18,504",160,0,,,,,,,,,,,,,,,
Auckland Metro,Pacific Peoples,16-19,"5,262","1,668","18,393",286,91,,,,,,,,,,,,,,,
Auckland Metro,Pacific Peoples,20-24,"6,741","2,680","23,371",288,115,,,,,,,,,,,,,,,
Auckland Metro,Pacific Peoples,25-29,"6,609","2,736","22,124",299,124,,,,,,,,,,,,,,,
Auckland Metro,Pacific Peoples,30-34,"6,712","2,794","18,287",367,153,,,,,,,,,,,,,,,
Auckland Metro,Pacific Peoples,35-39,"7,093","3,175","16,112",440,197,,,,,,,,,,,,,,,
Auckland Metro,Pacific Peoples,40-44,"7,669","4,161","14,984",512,278,,,,,,,,,,,,,,,
Auckland Metro,Pacific Peoples,45-49,"7,999","4,600","14,389",556,320,,,,,,,,,,,,,,,
Auckland Metro,Pacific Peoples,50-54,"8,838","5,456","14,378",615,379,,,,,,,,,,,,,,,
Auckland Metro,Pacific Peoples,55-59,"8,625","6,265","12,288",702,510,,,,,,,,,,,,,,,
Auckland Metro,Pacific Peoples,60-64,"7,058","5,401","9,539",740,566,,,,,,,,,,,,,,,
Auckland Metro,Pacific Peoples,65+,"13,842","11,520","18,568",745,620,,,,,,,,,,,,,,,
Auckland Metro,Unknown,12-15,85,0,98,867,0,,,,,,,,,,,,,,,
Auckland Metro,Unknown,16-19,186,51,77,"2,416",662,,,,,,,,,,,,,,,
Auckland Metro,Unknown,20-24,385,151,190,"2,026",795,,,,,,,,,,,,,,,
Auckland Metro,Unknown,25-29,802,359,287,"2,794","1,251",,,,,,,,,,,,,,,
Auckland Metro,Unknown,30-34,952,452,345,"2,759","1,310",,,,,,,,,,,,,,,
Auckland Metro,Unknown,35-39,795,344,434,"1,832",793,,,,,,,,,,,,,,,
Auckland Metro,Unknown,40-44,606,264,451,"1,344",585,,,,,,,,,,,,,,,
Auckland Metro,Unknown,45-49,590,267,447,"1,320",597,,,,,,,,,,,,,,,
Auckland Metro,Unknown,50-54,559,265,464,"1,205",571,,,,,,,,,,,,,,,
Auckland Metro,Unknown,55-59,570,250,516,"1,105",484,,,,,,,,,,,,,,,
Auckland Metro,Unknown,60-64,563,317,458,"1,229",692,,,,,,,,,,,,,,,
Auckland Metro,Unknown,65+,"1,226",945,"1,171","1,047",807,,,,,,,,,,,,,,,
Bay of Plenty,Asian,12-15,76,0,803,95,0,,,,,,,,,,,,,,,
Bay of Plenty,Asian,16-19,126,20,595,212,34,,,,,,,,,,,,,,,
Bay of Plenty,Asian,20-24,353,143,899,393,159,,,,,,,,,,,,,,,
Bay of Plenty,Asian,25-29,802,396,"2,033",394,195,,,,,,,,,,,,,,,
Bay of Plenty,Asian,30-34,"1,017",529,"2,143",475,247,,,,,,,,,,,,,,,
Bay of Plenty,Asian,35-39,717,337,"1,659",432,203,,,,,,,,,,,,,,,
Bay of Plenty,Asian,40-44,537,241,"1,284",418,188,,,,,,,,,,,,,,,
Bay of Plenty,Asian,45-49,505,246,964,524,255,,,,,,,,,,,,,,,
Bay of Plenty,Asian,50-54,457,181,717,637,252,,,,,,,,,,,,,,,
Bay of Plenty,Asian,55-59,378,153,568,665,269,,,,,,,,,,,,,,,
Bay of Plenty,Asian,60-64,342,187,519,659,360,,,,,,,,,,,,,,,
Bay of Plenty,Asian,65+,714,546,987,723,553,,,,,,,,,,,,,,,
Bay of Plenty,European or Other,12-15,830,0,"7,730",107,0,,,,,,,,,,,,,,,
Bay of Plenty,European or Other,16-19,"1,152",243,"6,710",172,36,,,,,,,,,,,,,,,
Bay of Plenty,European or Other,20-24,"1,347",612,"7,312",184,84,,,,,,,,,,,,,,,
Bay of Plenty,European or Other,25-29,"1,699",886,"8,574",198,103,,,,,,,,,,,,,,,
Bay of Plenty,European or Other,30-34,"2,073",948,"9,539",217,99,,,,,,,,,,,,,,,
Bay of Plenty,European or Other,35-39,"2,161",988,"9,395",230,105,,,,,,,,,,,,,,,
Bay of Plenty,European or Other,40-44,"2,828","1,160","9,459",299,123,,,,,,,,,,,,,,,
Bay of Plenty,European or Other,45-49,"3,735","1,616","11,478",325,141,,,,,,,,,,,,,,,
Bay of Plenty,European or Other,50-54,"6,347","2,192","11,894",534,184,,,,,,,,,,,,,,,
Bay of Plenty,European or Other,55-59,"7,410","3,145","12,684",584,248,,,,,,,,,,,,,,,
Bay of Plenty,European or Other,60-64,"8,805","5,014","12,521",703,400,,,,,,,,,,,,,,,
Bay of Plenty,European or Other,65+,"38,182","31,917","44,781",853,713,,,,,,,,,,,,,,,
Bay of Plenty,Maori,12-15,354,0,"5,174",68,0,,,,,,,,,,,,,,,
Bay of Plenty,Maori,16-19,500,146,"4,345",115,34,,,,,,,,,,,,,,,
Bay of Plenty,Maori,20-24,546,247,"4,826",113,51,,,,,,,,,,,,,,,
Bay of Plenty,Maori,25-29,580,280,"4,583",127,61,,,,,,,,,,,,,,,
Bay of Plenty,Maori,30-34,573,254,"4,010",143,63,,,,,,,,,,,,,,,
Bay of Plenty,Maori,35-39,679,297,"3,590",189,83,,,,,,,,,,,,,,,
Bay of Plenty,Maori,40-44,832,382,"3,473",240,110,,,,,,,,,,,,,,,
Bay of Plenty,Maori,45-49,"1,076",486,"3,534",304,138,,,,,,,,,,,,,,,
Bay of Plenty,Maori,50-54,"1,350",600,"3,310",408,181,,,,,,,,,,,,,,,
Bay of Plenty,Maori,55-59,"1,629",813,"3,315",491,245,,,,,,,,,,,,,,,
Bay of Plenty,Maori,60-64,"1,791","1,147","2,686",667,427,,,,,,,,,,,,,,,
Bay of Plenty,Maori,65+,"3,811","3,102","4,888",780,635,,,,,,,,,,,,,,,
Bay of Plenty,Pacific Peoples,12-15,22,0,366,60,0,,,,,,,,,,,,,,,
Bay of Plenty,Pacific Peoples,16-19,56,14,302,185,46,,,,,,,,,,,,,,,
Bay of Plenty,Pacific Peoples,20-24,164,94,372,441,253,,,,,,,,,,,,,,,
Bay of Plenty,Pacific Peoples,25-29,310,199,385,805,517,,,,,,,,,,,,,,,
Bay of Plenty,Pacific Peoples,30-34,257,144,402,639,358,,,,,,,,,,,,,,,
Bay of Plenty,Pacific Peoples,35-39,258,141,359,719,393,,,,,,,,,,,,,,,
Bay of Plenty,Pacific Peoples,40-44,227,136,355,639,383,,,,,,,,,,,,,,,
Bay of Plenty,Pacific Peoples,45-49,160,88,264,606,333,,,,,,,,,,,,,,,
Bay of Plenty,Pacific Peoples,50-54,151,68,262,576,260,,,,,,,,,,,,,,,
Bay of Plenty,Pacific Peoples,55-59,109,60,182,599,330,,,,,,,,,,,,,,,
Bay of Plenty,Pacific Peoples,60-64,96,60,146,658,411,,,,,,,,,,,,,,,
Bay of Plenty,Pacific Peoples,65+,203,167,284,715,588,,,,,,,,,,,,,,,
Bay of Plenty,Unknown,20-24,13,0,11,"1,182",0,,,,,,,,,,,,,,,
Bay of Plenty,Unknown,25-29,34,16,22,"1,545",727,,,,,,,,,,,,,,,
Bay of Plenty,Unknown,30-34,31,13,20,"1,550",650,,,,,,,,,,,,,,,
Bay of Plenty,Unknown,35-39,26,13,16,"1,625",812,,,,,,,,,,,,,,,
Bay of Plenty,Unknown,40-44,29,15,28,"1,036",536,,,,,,,,,,,,,,,
Bay of Plenty,Unknown,45-49,20,8,27,741,296,,,,,,,,,,,,,,,
Bay of Plenty,Unknown,50-54,32,9,26,"1,231",346,,,,,,,,,,,,,,,
Bay of Plenty,Unknown,55-59,24,0,25,960,0,,,,,,,,,,,,,,,
Bay of Plenty,Unknown,60-64,32,20,25,"1,280",800,,,,,,,,,,,,,,,
Bay of Plenty,Unknown,65+,64,46,68,941,676,,,,,,,,,,,,,,,
Canterbury,Asian,12-15,525,0,"3,092",170,0,,,,,,,,,,,,,,,
Canterbury,Asian,16-19,720,177,"2,586",278,68,,,,,,,,,,,,,,,
Canterbury,Asian,20-24,"1,530",675,"3,609",424,187,,,,,,,,,,,,,,,
Canterbury,Asian,25-29,"2,963","1,411","6,305",470,224,,,,,,,,,,,,,,,
Canterbury,Asian,30-34,"4,192","1,978","7,965",526,248,,,,,,,,,,,,,,,
Canterbury,Asian,35-39,"3,564","1,492","7,750",460,193,,,,,,,,,,,,,,,
Canterbury,Asian,40-44,"2,611",982,"5,503",474,178,,,,,,,,,,,,,,,
Canterbury,Asian,45-49,"1,878",830,"3,984",471,208,,,,,,,,,,,,,,,
Canterbury,Asian,50-54,"1,675",578,"2,847",588,203,,,,,,,,,,,,,,,
Canterbury,Asian,55-59,"1,265",498,"2,250",562,221,,,,,,,,,,,,,,,
Canterbury,Asian,60-64,"1,330",531,"2,148",619,247,,,,,,,,,,,,,,,
Canterbury,Asian,65+,"2,685","1,438","3,894",690,369,,,,,,,,,,,,,,,
Canterbury,European or Other,12-15,"3,459",0,"19,672",176,0,,,,,,,,,,,,,,,
Canterbury,European or Other,16-19,"5,238","1,144","20,194",259,57,,,,,,,,,,,,,,,
Canterbury,European or Other,20-24,"7,284","3,138","27,011",270,116,,,,,,,,,,,,,,,
Canterbury,European or Other,25-29,"7,587","3,674","28,457",267,129,,,,,,,,,,,,,,,
Canterbury,European or Other,30-34,"8,500","3,499","28,023",303,125,,,,,,,,,,,,,,,
Canterbury,European or Other,35-39,"8,472","3,369","25,110",337,134,,,,,,,,,,,,,,,
Canterbury,European or Other,40-44,"9,522","3,845","25,210",378,153,,,,,,,,,,,,,,,
Canterbury,European or Other,45-49,"12,370","5,442","29,953",413,182,,,,,,,,,,,,,,,
Canterbury,European or Other,50-54,"17,261","7,096","30,987",557,229,,,,,,,,,,,,,,,
Canterbury,European or Other,55-59,"18,875","8,362","31,526",599,265,,,,,,,,,,,,,,,
Canterbury,European or Other,60-64,"20,423","9,518","28,675",712,332,,,,,,,,,,,,,,,
Canterbury,European or Other,65+,"70,999","47,184","83,806",847,563,,,,,,,,,,,,,,,
Canterbury,Maori,12-15,469,0,"3,815",123,0,,,,,,,,,,,,,,,
Canterbury,Maori,16-19,825,260,"3,480",237,75,,,,,,,,,,,,,,,
Canterbury,Maori,20-24,"1,108",472,"4,592",241,103,,,,,,,,,,,,,,,
Canterbury,Maori,25-29,963,419,"4,247",227,99,,,,,,,,,,,,,,,
Canterbury,Maori,30-34,950,396,"3,626",262,109,,,,,,,,,,,,,,,
Canterbury,Maori,35-39,800,294,"2,715",295,108,,,,,,,,,,,,,,,
Canterbury,Maori,40-44,938,371,"2,641",355,140,,,,,,,,,,,,,,,
Canterbury,Maori,45-49,"1,080",448,"2,649",408,169,,,,,,,,,,,,,,,
Canterbury,Maori,50-54,"1,329",562,"2,676",497,210,,,,,,,,,,,,,,,
Canterbury,Maori,55-59,"1,334",861,"2,188",610,394,,,,,,,,,,,,,,,
Canterbury,Maori,60-64,"1,239",866,"1,681",737,515,,,,,,,,,,,,,,,
Canterbury,Maori,65+,"2,247","1,726","2,659",845,649,,,,,,,,,,,,,,,
Canterbury,Pacific Peoples,12-15,341,0,"1,252",272,0,,,,,,,,,,,,,,,
Canterbury,Pacific Peoples,16-19,444,141,"1,110",400,127,,,,,,,,,,,,,,,
Canterbury,Pacific Peoples,20-24,524,223,"1,506",348,148,,,,,,,,,,,,,,,
Canterbury,Pacific Peoples,25-29,478,210,"1,496",320,140,,,,,,,,,,,,,,,
Canterbury,Pacific Peoples,30-34,524,240,"1,482",354,162,,,,,,,,,,,,,,,
Canterbury,Pacific Peoples,35-39,535,239,"1,153",464,207,,,,,,,,,,,,,,,
Canterbury,Pacific Peoples,40-44,557,263,"1,026",543,256,,,,,,,,,,,,,,,
Canterbury,Pacific Peoples,45-49,541,292,929,582,314,,,,,,,,,,,,,,,
Canterbury,Pacific Peoples,50-54,439,245,723,607,339,,,,,,,,,,,,,,,
Canterbury,Pacific Peoples,55-59,415,287,677,613,424,,,,,,,,,,,,,,,
Canterbury,Pacific Peoples,60-64,417,263,520,802,506,,,,,,,,,,,,,,,
Canterbury,Pacific Peoples,65+,696,520,863,806,603,,,,,,,,,,,,,,,
Canterbury,Unknown,12-15,8,0,23,348,0,,,,,,,,,,,,,,,
Canterbury,Unknown,16-19,23,9,36,639,250,,,,,,,,,,,,,,,
Canterbury,Unknown,20-24,58,28,80,725,350,,,,,,,,,,,,,,,
Canterbury,Unknown,25-29,101,74,160,631,462,,,,,,,,,,,,,,,
Canterbury,Unknown,30-34,154,84,203,759,414,,,,,,,,,,,,,,,
Canterbury,Unknown,35-39,165,73,253,652,289,,,,,,,,,,,,,,,
Canterbury,Unknown,40-44,151,53,226,668,235,,,,,,,,,,,,,,,
Canterbury,Unknown,45-49,203,77,409,496,188,,,,,,,,,,,,,,,
Canterbury,Unknown,50-54,223,102,347,643,294,,,,,,,,,,,,,,,
Canterbury,Unknown,55-59,199,73,274,726,266,,,,,,,,,,,,,,,
Canterbury,Unknown,60-64,210,90,222,946,405,,,,,,,,,,,,,,,
Canterbury,Unknown,65+,374,240,394,949,609,,,,,,,,,,,,,,,
Capital & Coast and Hutt Valley,Asian,12-15,"1,114",0,"2,817",395,0,,,,,,,,,,,,,,,
Capital & Coast and Hutt Valley,Asian,16-19,"1,072",192,"2,478",433,77,,,,,,,,,,,,,,,
Capital & Coast and Hutt Valley,Asian,20-24,"1,632",579,"3,607",452,161,,,,,,,,,,,,,,,
Capital & Coast and Hutt Valley,Asian,25-29,"2,850","1,087","6,025",473,180,,,,,,,,,,,,,,,
Capital & Coast and Hutt Valley,Asian,30-34,"4,265","1,661","7,520",567,221,,,,,,,,,,,,,,,
Capital & Coast and Hutt Valley,Asian,35-39,"4,206","1,425","7,233",582,197,,,,,,,,,,,,,,,
Capital & Coast and Hutt Valley,Asian,40-44,"3,227",972,"4,960",651,196,,,,,,,,,,,,,,,
Capital & Coast and Hutt Valley,Asian,45-49,"2,637",929,"3,986",662,233,,,,,,,,,,,,,,,
Capital & Coast and Hutt Valley,Asian,50-54,"2,534",862,"3,253",779,265,,,,,,,,,,,,,,,
Capital & Coast and Hutt Valley,Asian,55-59,"2,426",928,"3,041",798,305,,,,,,,,,,,,,,,
Capital & Coast and Hutt Valley,Asian,60-64,"1,999",902,"2,567",779,351,,,,,,,,,,,,,,,
Capital & Coast and Hutt Valley,Asian,65+,"4,737","2,732","5,744",825,476,,,,,,,,,,,,,,,
Capital & Coast and Hutt Valley,European or Other,12-15,"4,922",0,"13,425",367,0,,,,,,,,,,,,,,,
Capital & Coast and Hutt Valley,European or Other,16-19,"5,189",863,"13,747",377,63,,,,,,,,,,,,,,,
Capital & Coast and Hutt Valley,European or Other,20-24,"7,089","2,417","21,173",335,114,,,,,,,,,,,,,,,
Capital & Coast and Hutt Valley,European or Other,25-29,"8,154","3,156","23,085",353,137,,,,,,,,,,,,,,,
Capital & Coast and Hutt Valley,European or Other,30-34,"9,227","2,842","21,476",430,132,,,,,,,,,,,,,,,
Capital & Coast and Hutt Valley,European or Other,35-39,"9,014","2,787","19,964",452,140,,,,,,,,,,,,,,,
Capital & Coast and Hutt Valley,European or Other,40-44,"10,283","3,065","20,090",512,153,,,,,,,,,,,,,,,
Capital & Coast and Hutt Valley,European or Other,45-49,"12,181","3,750","22,568",540,166,,,,,,,,,,,,,,,
Capital & Coast and Hutt Valley,European or Other,50-54,"15,430","4,785","22,108",698,216,,,,,,,,,,,,,,,
Capital & Coast and Hutt Valley,European or Other,55-59,"15,911","5,817","21,500",740,271,,,,,,,,,,,,,,,
Capital & Coast and Hutt Valley,European or Other,60-64,"15,131","7,014","18,602",813,377,,,,,,,,,,,,,,,
Capital & Coast and Hutt Valley,European or Other,65+,"46,997","30,743","52,497",895,586,,,,,,,,,,,,,,,
Capital & Coast and Hutt Valley,Maori,12-15,984,0,"4,322",228,0,,,,,,,,,,,,,,,
Capital & Coast and Hutt Valley,Maori,16-19,"1,085",289,"4,211",258,69,,,,,,,,,,,,,,,
Capital & Coast and Hutt Valley,Maori,20-24,"1,538",576,"5,869",262,98,,,,,,,,,,,,,,,
Capital & Coast and Hutt Valley,Maori,25-29,"1,418",571,"5,318",267,107,,,,,,,,,,,,,,,
Capital & Coast and Hutt Valley,Maori,30-34,"1,306",484,"4,346",301,111,,,,,,,,,,,,,,,
Capital & Coast and Hutt Valley,Maori,35-39,"1,147",431,"3,436",334,125,,,,,,,,,,,,,,,
Capital & Coast and Hutt Valley,Maori,40-44,"1,364",497,"3,407",400,146,,,,,,,,,,,,,,,
Capital & Coast and Hutt Valley,Maori,45-49,"1,712",671,"3,540",484,190,,,,,,,,,,,,,,,
Capital & Coast and Hutt Valley,Maori,50-54,"1,942",770,"3,235",600,238,,,,,,,,,,,,,,,
Capital & Coast and Hutt Valley,Maori,55-59,"2,121","1,499","2,887",735,519,,,,,,,,,,,,,,,
Capital & Coast and Hutt Valley,Maori,60-64,"1,791","1,374","2,181",821,630,,,,,,,,,,,,,,,
Capital & Coast and Hutt Valley,Maori,65+,"2,917","2,431","3,338",874,728,,,,,,,,,,,,,,,
Capital & Coast and Hutt Valley,Pacific Peoples,12-15,723,0,"2,361",306,0,,,,,,,,,,,,,,,
Capital & Coast and Hutt Valley,Pacific Peoples,16-19,930,290,"2,471",376,117,,,,,,,,,,,,,,,
Capital & Coast and Hutt Valley,Pacific Peoples,20-24,"1,119",424,"3,217",348,132,,,,,,,,,,,,,,,
Capital & Coast and Hutt Valley,Pacific Peoples,25-29,"1,009",426,"2,930",344,145,,,,,,,,,,,,,,,
Capital & Coast and Hutt Valley,Pacific Peoples,30-34,995,398,"2,691",370,148,,,,,,,,,,,,,,,
Capital & Coast and Hutt Valley,Pacific Peoples,35-39,979,403,"2,333",420,173,,,,,,,,,,,,,,,
Capital & Coast and Hutt Valley,Pacific Peoples,40-44,"1,139",494,"2,304",494,214,,,,,,,,,,,,,,,
Capital & Coast and Hutt Valley,Pacific Peoples,45-49,"1,319",618,"2,269",581,272,,,,,,,,,,,,,,,
Capital & Coast and Hutt Valley,Pacific Peoples,50-54,"1,391",674,"2,153",646,313,,,,,,,,,,,,,,,
Capital & Coast and Hutt Valley,Pacific Peoples,55-59,"1,410",959,"1,818",776,528,,,,,,,,,,,,,,,
Capital & Coast and Hutt Valley,Pacific Peoples,60-64,"1,190",869,"1,440",826,603,,,,,,,,,,,,,,,
Capital & Coast and Hutt Valley,Pacific Peoples,65+,"2,568","2,155","3,084",833,699,,,,,,,,,,,,,,,
Capital & Coast and Hutt Valley,Unknown,12-15,17,0,41,415,0,,,,,,,,,,,,,,,
Capital & Coast and Hutt Valley,Unknown,16-19,41,12,48,854,250,,,,,,,,,,,,,,,
Capital & Coast and Hutt Valley,Unknown,20-24,56,26,88,636,295,,,,,,,,,,,,,,,
Capital & Coast and Hutt Valley,Unknown,25-29,120,49,170,706,288,,,,,,,,,,,,,,,
Capital & Coast and Hutt Valley,Unknown,30-34,180,68,193,933,352,,,,,,,,,,,,,,,
Capital & Coast and Hutt Valley,Unknown,35-39,195,57,261,747,218,,,,,,,,,,,,,,,
Capital & Coast and Hutt Valley,Unknown,40-44,205,69,231,887,299,,,,,,,,,,,,,,,
Capital & Coast and Hutt Valley,Unknown,45-49,195,66,252,774,262,,,,,,,,,,,,,,,
Capital & Coast and Hutt Valley,Unknown,50-54,244,67,258,946,260,,,,,,,,,,,,,,,
Capital & Coast and Hutt Valley,Unknown,55-59,276,103,284,972,363,,,,,,,,,,,,,,,
Capital & Coast and Hutt Valley,Unknown,60-64,291,125,305,954,410,,,,,,,,,,,,,,,
Capital & Coast and Hutt Valley,Unknown,65+,630,347,655,962,530,,,,,,,,,,,,,,,
Hawkes Bay,Asian,12-15,176,0,419,420,0,,,,,,,,,,,,,,,
Hawkes Bay,Asian,16-19,139,14,320,434,44,,,,,,,,,,,,,,,
Hawkes Bay,Asian,20-24,217,73,382,568,191,,,,,,,,,,,,,,,
Hawkes Bay,Asian,25-29,596,237,898,664,264,,,,,,,,,,,,,,,
Hawkes Bay,Asian,30-34,804,351,"1,111",724,316,,,,,,,,,,,,,,,
Hawkes Bay,Asian,35-39,629,215,801,785,268,,,,,,,,,,,,,,,
Hawkes Bay,Asian,40-44,504,153,663,760,231,,,,,,,,,,,,,,,
Hawkes Bay,Asian,45-49,366,97,484,756,200,,,,,,,,,,,,,,,
Hawkes Bay,Asian,50-54,274,76,359,763,212,,,,,,,,,,,,,,,
Hawkes Bay,Asian,55-59,262,95,319,821,298,,,,,,,,,,,,,,,
Hawkes Bay,Asian,60-64,231,133,272,849,489,,,,,,,,,,,,,,,
Hawkes Bay,Asian,65+,462,317,554,834,572,,,,,,,,,,,,,,,
Hawkes Bay,European or Other,12-15,"1,871",0,"5,269",355,0,,,,,,,,,,,,,,,
Hawkes Bay,European or Other,16-19,"1,720",281,"4,636",371,61,,,,,,,,,,,,,,,
Hawkes Bay,European or Other,20-24,"1,493",520,"4,934",303,105,,,,,,,,,,,,,,,
Hawkes Bay,European or Other,25-29,"1,665",694,"5,596",298,124,,,,,,,,,,,,,,,
Hawkes Bay,European or Other,30-34,"2,140",694,"5,741",373,121,,,,,,,,,,,,,,,
Hawkes Bay,European or Other,35-39,"2,346",728,"5,745",408,127,,,,,,,,,,,,,,,
Hawkes Bay,European or Other,40-44,"3,118","1,002","6,304",495,159,,,,,,,,,,,,,,,
Hawkes Bay,European or Other,45-49,"4,132","1,412","7,832",528,180,,,,,,,,,,,,,,,
Hawkes Bay,European or Other,50-54,"5,372","1,816","8,026",669,226,,,,,,,,,,,,,,,
Hawkes Bay,European or Other,55-59,"6,423","2,681","8,913",721,301,,,,,,,,,,,,,,,
Hawkes Bay,European or Other,60-64,"7,017","3,737","8,488",827,440,,,,,,,,,,,,,,,
Hawkes Bay,European or Other,65+,"25,242","20,309","28,007",901,725,,,,,,,,,,,,,,,
Hawkes Bay,Maori,12-15,711,0,"3,714",191,0,,,,,,,,,,,,,,,
Hawkes Bay,Maori,16-19,717,159,"3,186",225,50,,,,,,,,,,,,,,,
Hawkes Bay,Maori,20-24,645,227,"3,612",179,63,,,,,,,,,,,,,,,
Hawkes Bay,Maori,25-29,651,244,"3,419",190,71,,,,,,,,,,,,,,,
Hawkes Bay,Maori,30-34,737,261,"2,989",247,87,,,,,,,,,,,,,,,
Hawkes Bay,Maori,35-39,723,268,"2,447",295,110,,,,,,,,,,,,,,,
Hawkes Bay,Maori,40-44,874,323,"2,342",373,138,,,,,,,,,,,,,,,
Hawkes Bay,Maori,45-49,"1,108",468,"2,627",422,178,,,,,,,,,,,,,,,
Hawkes Bay,Maori,50-54,"1,208",553,"2,294",527,241,,,,,,,,,,,,,,,
Hawkes Bay,Maori,55-59,"1,396",697,"2,316",603,301,,,,,,,,,,,,,,,
Hawkes Bay,Maori,60-64,"1,416",968,"1,850",765,523,,,,,,,,,,,,,,,
Hawkes Bay,Maori,65+,"2,698","2,258","3,263",827,692,,,,,,,,,,,,,,,
Hawkes Bay,Pacific Peoples,12-15,115,0,498,231,0,,,,,,,,,,,,,,,
Hawkes Bay,Pacific Peoples,16-19,193,73,465,415,157,,,,,,,,,,,,,,,
Hawkes Bay,Pacific Peoples,20-24,369,218,621,594,351,,,,,,,,,,,,,,,
Hawkes Bay,Pacific Peoples,25-29,454,298,572,794,521,,,,,,,,,,,,,,,
Hawkes Bay,Pacific Peoples,30-34,443,289,517,857,559,,,,,,,,,,,,,,,
Hawkes Bay,Pacific Peoples,35-39,382,245,447,855,548,,,,,,,,,,,,,,,
Hawkes Bay,Pacific Peoples,40-44,329,209,374,880,559,,,,,,,,,,,,,,,
Hawkes Bay,Pacific Peoples,45-49,282,146,352,801,415,,,,,,,,,,,,,,,
Hawkes Bay,Pacific Peoples,50-54,234,125,341,686,367,,,,,,,,,,,,,,,
Hawkes Bay,Pacific Peoples,55-59,198,103,242,818,426,,,,,,,,,,,,,,,
Hawkes Bay,Pacific Peoples,60-64,180,128,218,826,587,,,,,,,,,,,,,,,
Hawkes Bay,Pacific Peoples,65+,309,262,373,828,702,,,,,,,,,,,,,,,
Hawkes Bay,Unknown,12-15,9,0,14,643,0,,,,,,,,,,,,,,,
Hawkes Bay,Unknown,20-24,20,10,6,"3,333","1,667",,,,,,,,,,,,,,,
Hawkes Bay,Unknown,25-29,47,25,24,"1,958","1,042",,,,,,,,,,,,,,,
Hawkes Bay,Unknown,30-34,57,33,28,"2,036","1,179",,,,,,,,,,,,,,,
Hawkes Bay,Unknown,35-39,43,20,33,"1,303",606,,,,,,,,,,,,,,,
Hawkes Bay,Unknown,40-44,40,16,34,"1,176",471,,,,,,,,,,,,,,,
Hawkes Bay,Unknown,45-49,39,10,43,907,233,,,,,,,,,,,,,,,
Hawkes Bay,Unknown,50-54,42,14,39,"1,077",359,,,,,,,,,,,,,,,
Hawkes Bay,Unknown,55-59,43,16,43,"1,000",372,,,,,,,,,,,,,,,
Hawkes Bay,Unknown,60-64,46,19,36,"1,278",528,,,,,,,,,,,,,,,
Hawkes Bay,Unknown,65+,128,95,117,"1,094",812,,,,,,,,,,,,,,,
Lakes,Asian,12-15,76,0,351,217,0,,,,,,,,,,,,,,,
Lakes,Asian,16-19,75,30,264,284,114,,,,,,,,,,,,,,,
Lakes,Asian,20-24,223,135,363,614,372,,,,,,,,,,,,,,,
Lakes,Asian,25-29,503,311,952,528,327,,,,,,,,,,,,,,,
Lakes,Asian,30-34,631,406,"1,119",564,363,,,,,,,,,,,,,,,
Lakes,Asian,35-39,518,368,873,593,422,,,,,,,,,,,,,,,
Lakes,Asian,40-44,353,206,628,562,328,,,,,,,,,,,,,,,
Lakes,Asian,45-49,306,199,502,610,396,,,,,,,,,,,,,,,
Lakes,Asian,50-54,265,166,356,744,466,,,,,,,,,,,,,,,
Lakes,Asian,55-59,257,171,317,811,539,,,,,,,,,,,,,,,
Lakes,Asian,60-64,197,163,248,794,657,,,,,,,,,,,,,,,
Lakes,Asian,65+,315,277,423,745,655,,,,,,,,,,,,,,,
Lakes,European or Other,12-15,536,0,"2,870",187,0,,,,,,,,,,,,,,,
Lakes,European or Other,16-19,537,213,"2,529",212,84,,,,,,,,,,,,,,,
Lakes,European or Other,20-24,587,357,"2,840",207,126,,,,,,,,,,,,,,,
Lakes,European or Other,25-29,770,493,"3,272",235,151,,,,,,,,,,,,,,,
Lakes,European or Other,30-34,934,565,"3,484",268,162,,,,,,,,,,,,,,,
Lakes,European or Other,35-39,"1,022",574,"3,268",313,176,,,,,,,,,,,,,,,
Lakes,European or Other,40-44,"1,415",799,"3,603",393,222,,,,,,,,,,,,,,,
Lakes,European or Other,45-49,"1,751","1,045","4,308",406,243,,,,,,,,,,,,,,,
Lakes,European or Other,50-54,"2,618","1,436","4,445",589,323,,,,,,,,,,,,,,,
Lakes,European or Other,55-59,"3,255","2,001","4,925",661,406,,,,,,,,,,,,,,,
Lakes,European or Other,60-64,"3,568","2,666","4,550",784,586,,,,,,,,,,,,,,,
Lakes,European or Other,65+,"12,991","12,086","14,911",871,811,,,,,,,,,,,,,,,
Lakes,Maori,12-15,305,0,"3,158",97,0,,,,,,,,,,,,,,,
Lakes,Maori,16-19,332,126,"2,710",123,46,,,,,,,,,,,,,,,
Lakes,Maori,20-24,353,183,"3,040",116,60,,,,,,,,,,,,,,,
Lakes,Maori,25-29,380,226,"2,937",129,77,,,,,,,,,,,,,,,
Lakes,Maori,30-34,467,261,"2,766",169,94,,,,,,,,,,,,,,,
Lakes,Maori,35-39,448,255,"2,226",201,115,,,,,,,,,,,,,,,
Lakes,Maori,40-44,603,307,"2,094",288,147,,,,,,,,,,,,,,,
Lakes,Maori,45-49,798,436,"2,279",350,191,,,,,,,,,,,,,,,
Lakes,Maori,50-54,972,532,"2,145",453,248,,,,,,,,,,,,,,,
Lakes,Maori,55-59,"1,155",704,"2,115",546,333,,,,,,,,,,,,,,,
Lakes,Maori,60-64,"1,230",897,"1,782",690,503,,,,,,,,,,,,,,,
Lakes,Maori,65+,"2,311","2,071","2,833",816,731,,,,,,,,,,,,,,,
Lakes,Pacific Peoples,12-15,42,0,174,241,0,,,,,,,,,,,,,,,
Lakes,Pacific Peoples,16-19,46,14,170,271,82,,,,,,,,,,,,,,,
Lakes,Pacific Peoples,20-24,54,29,196,276,148,,,,,,,,,,,,,,,
Lakes,Pacific Peoples,25-29,73,48,251,291,191,,,,,,,,,,,,,,,
Lakes,Pacific Peoples,30-34,96,59,241,398,245,,,,,,,,,,,,,,,
Lakes,Pacific Peoples,35-39,93,60,214,435,280,,,,,,,,,,,,,,,
Lakes,Pacific Peoples,40-44,91,50,204,446,245,,,,,,,,,,,,,,,
Lakes,Pacific Peoples,45-49,103,62,183,563,339,,,,,,,,,,,,,,,
Lakes,Pacific Peoples,50-54,96,60,175,549,343,,,,,,,,,,,,,,,
Lakes,Pacific Peoples,55-59,94,58,146,644,397,,,,,,,,,,,,,,,
Lakes,Pacific Peoples,60-64,83,64,132,629,485,,,,,,,,,,,,,,,
Lakes,Pacific Peoples,65+,172,151,200,860,755,,,,,,,,,,,,,,,
Lakes,Unknown,20-24,16,10,17,941,588,,,,,,,,,,,,,,,
Lakes,Unknown,25-29,23,15,39,590,385,,,,,,,,,,,,,,,
Lakes,Unknown,30-34,30,15,71,423,211,,,,,,,,,,,,,,,
Lakes,Unknown,35-39,23,14,60,383,233,,,,,,,,,,,,,,,
Lakes,Unknown,40-44,33,18,68,485,265,,,,,,,,,,,,,,,
Lakes,Unknown,45-49,35,21,55,636,382,,,,,,,,,,,,,,,
Lakes,Unknown,50-54,41,25,61,672,410,,,,,,,,,,,,,,,
Lakes,Unknown,55-59,49,25,55,891,455,,,,,,,,,,,,,,,
Lakes,Unknown,60-64,50,32,56,893,571,,,,,,,,,,,,,,,
Lakes,Unknown,65+,168,150,152,"1,105",987,,,,,,,,,,,,,,,
MidCentral,Asian,12-15,133,0,649,205,0,,,,,,,,,,,,,,,
MidCentral,Asian,16-19,196,45,571,343,79,,,,,,,,,,,,,,,
MidCentral,Asian,20-24,384,173,688,558,251,,,,,,,,,,,,,,,
MidCentral,Asian,25-29,643,303,"1,115",577,272,,,,,,,,,,,,,,,
MidCentral,Asian,30-34,942,462,"1,424",662,324,,,,,,,,,,,,,,,
MidCentral,Asian,35-39,852,446,"1,285",663,347,,,,,,,,,,,,,,,
MidCentral,Asian,40-44,588,266,987,596,270,,,,,,,,,,,,,,,
MidCentral,Asian,45-49,463,215,753,615,286,,,,,,,,,,,,,,,
MidCentral,Asian,50-54,420,178,579,725,307,,,,,,,,,,,,,,,
MidCentral,Asian,55-59,414,202,550,753,367,,,,,,,,,,,,,,,
MidCentral,Asian,60-64,400,265,492,813,539,,,,,,,,,,,,,,,
MidCentral,Asian,65+,861,724,"1,010",852,717,,,,,,,,,,,,,,,
MidCentral,European or Other,12-15,"1,670",0,"6,043",276,0,,,,,,,,,,,,,,,
MidCentral,European or Other,16-19,"1,893",421,"5,862",323,72,,,,,,,,,,,,,,,
MidCentral,European or Other,20-24,"2,430","1,070","7,596",320,141,,,,,,,,,,,,,,,
MidCentral,European or Other,25-29,"2,587","1,367","7,642",339,179,,,,,,,,,,,,,,,
MidCentral,European or Other,30-34,"2,979","1,234","7,176",415,172,,,,,,,,,,,,,,,
MidCentral,European or Other,35-39,"3,112","1,260","6,662",467,189,,,,,,,,,,,,,,,
MidCentral,European or Other,40-44,"3,252","1,305","6,694",486,195,,,,,,,,,,,,,,,
MidCentral,European or Other,45-49,"3,979","1,789","8,021",496,223,,,,,,,,,,,,,,,
MidCentral,European or Other,50-54,"5,221","2,336","8,623",605,271,,,,,,,,,,,,,,,
MidCentral,European or Other,55-59,"6,605","3,502","9,534",693,367,,,,,,,,,,,,,,,
MidCentral,European or Other,60-64,"7,281","4,741","9,111",799,520,,,,,,,,,,,,,,,
MidCentral,European or Other,65+,"26,197","23,157","29,456",889,786,,,,,,,,,,,,,,,
MidCentral,Maori,12-15,554,0,"2,728",203,0,,,,,,,,,,,,,,,
MidCentral,Maori,16-19,513,121,"2,355",218,51,,,,,,,,,,,,,,,
MidCentral,Maori,20-24,666,305,"2,796",238,109,,,,,,,,,,,,,,,
MidCentral,Maori,25-29,609,301,"2,534",240,119,,,,,,,,,,,,,,,
MidCentral,Maori,30-34,595,239,"2,172",274,110,,,,,,,,,,,,,,,
MidCentral,Maori,35-39,574,232,"1,722",333,135,,,,,,,,,,,,,,,
MidCentral,Maori,40-44,614,230,"1,600",384,144,,,,,,,,,,,,,,,
MidCentral,Maori,45-49,757,310,"1,734",437,179,,,,,,,,,,,,,,,
MidCentral,Maori,50-54,891,536,"1,634",545,328,,,,,,,,,,,,,,,
MidCentral,Maori,55-59,"1,052",685,"1,625",647,422,,,,,,,,,,,,,,,
MidCentral,Maori,60-64,918,688,"1,249",735,551,,,,,,,,,,,,,,,
MidCentral,Maori,65+,"1,843","1,613","2,076",888,777,,,,,,,,,,,,,,,
MidCentral,Pacific Peoples,12-15,123,0,480,256,0,,,,,,,,,,,,,,,
MidCentral,Pacific Peoples,16-19,144,37,403,357,92,,,,,,,,,,,,,,,
MidCentral,Pacific Peoples,20-24,175,84,503,348,167,,,,,,,,,,,,,,,
MidCentral,Pacific Peoples,25-29,189,93,493,383,189,,,,,,,,,,,,,,,
MidCentral,Pacific Peoples,30-34,198,76,443,447,172,,,,,,,,,,,,,,,
MidCentral,Pacific Peoples,35-39,177,84,420,421,200,,,,,,,,,,,,,,,
MidCentral,Pacific Peoples,40-44,179,88,328,546,268,,,,,,,,,,,,,,,
MidCentral,Pacific Peoples,45-49,161,80,299,538,268,,,,,,,,,,,,,,,
MidCentral,Pacific Peoples,50-54,175,92,284,616,324,,,,,,,,,,,,,,,
MidCentral,Pacific Peoples,55-59,166,102,248,669,411,,,,,,,,,,,,,,,
MidCentral,Pacific Peoples,60-64,135,97,180,750,539,,,,,,,,,,,,,,,
MidCentral,Pacific Peoples,65+,340,276,387,879,713,,,,,,,,,,,,,,,
MidCentral,Unknown,12-15,13,0,16,812,0,,,,,,,,,,,,,,,
MidCentral,Unknown,16-19,6,0,19,316,0,,,,,,,,,,,,,,,
MidCentral,Unknown,20-24,16,6,33,485,182,,,,,,,,,,,,,,,
MidCentral,Unknown,25-29,36,24,53,679,453,,,,,,,,,,,,,,,
MidCentral,Unknown,30-34,78,41,87,897,471,,,,,,,,,,,,,,,
MidCentral,Unknown,35-39,91,46,109,835,422,,,,,,,,,,,,,,,
MidCentral,Unknown,40-44,111,56,119,933,471,,,,,,,,,,,,,,,
MidCentral,Unknown,45-49,72,36,104,692,346,,,,,,,,,,,,,,,
MidCentral,Unknown,50-54,89,49,103,864,476,,,,,,,,,,,,,,,
MidCentral,Unknown,55-59,95,46,120,792,383,,,,,,,,,,,,,,,
MidCentral,Unknown,60-64,114,65,106,"1,075",613,,,,,,,,,,,,,,,
MidCentral,Unknown,65+,219,174,217,"1,009",802,,,,,,,,,,,,,,,
Nelson Marlborough,Asian,12-15,237,0,436,544,0,,,,,,,,,,,,,,,
Nelson Marlborough,Asian,16-19,226,75,307,736,244,,,,,,,,,,,,,,,
Nelson Marlborough,Asian,20-24,239,106,362,660,293,,,,,,,,,,,,,,,
Nelson Marlborough,Asian,25-29,647,275,645,"1,003",426,,,,,,,,,,,,,,,
Nelson Marlborough,Asian,30-34,820,340,912,899,373,,,,,,,,,,,,,,,
Nelson Marlborough,Asian,35-39,763,307,757,"1,008",406,,,,,,,,,,,,,,,
Nelson Marlborough,Asian,40-44,547,222,580,943,383,,,,,,,,,,,,,,,
Nelson Marlborough,Asian,45-49,443,210,480,923,438,,,,,,,,,,,,,,,
Nelson Marlborough,Asian,50-54,290,148,308,942,481,,,,,,,,,,,,,,,
Nelson Marlborough,Asian,55-59,236,131,256,922,512,,,,,,,,,,,,,,,
Nelson Marlborough,Asian,60-64,164,114,188,872,606,,,,,,,,,,,,,,,
Nelson Marlborough,Asian,65+,215,173,263,817,658,,,,,,,,,,,,,,,
Nelson Marlborough,European or Other,12-15,"2,462",0,"5,978",412,0,,,,,,,,,,,,,,,
Nelson Marlborough,European or Other,16-19,"2,167",286,"5,407",401,53,,,,,,,,,,,,,,,
Nelson Marlborough,European or Other,20-24,"1,689",494,"5,521",306,89,,,,,,,,,,,,,,,
Nelson Marlborough,European or Other,25-29,"2,048",668,"6,062",338,110,,,,,,,,,,,,,,,
Nelson Marlborough,European or Other,30-34,"3,294",807,"6,723",490,120,,,,,,,,,,,,,,,
Nelson Marlborough,European or Other,35-39,"3,789",918,"6,917",548,133,,,,,,,,,,,,,,,
Nelson Marlborough,European or Other,40-44,"4,544","1,166","7,309",622,160,,,,,,,,,,,,,,,
Nelson Marlborough,European or Other,45-49,"5,534","1,897","9,144",605,207,,,,,,,,,,,,,,,
Nelson Marlborough,European or Other,50-54,"6,844","2,699","9,827",696,275,,,,,,,,,,,,,,,
Nelson Marlborough,European or Other,55-59,"7,869","3,956","10,765",731,367,,,,,,,,,,,,,,,
Nelson Marlborough,European or Other,60-64,"8,543","5,529","10,363",824,534,,,,,,,,,,,,,,,
Nelson Marlborough,European or Other,65+,"29,326","26,274","32,313",908,813,,,,,,,,,,,,,,,
Nelson Marlborough,Maori,12-15,377,0,"1,245",303,0,,,,,,,,,,,,,,,
Nelson Marlborough,Maori,16-19,325,73,"1,085",300,67,,,,,,,,,,,,,,,
Nelson Marlborough,Maori,20-24,243,80,"1,116",218,72,,,,,,,,,,,,,,,
Nelson Marlborough,Maori,25-29,227,96,"1,129",201,85,,,,,,,,,,,,,,,
Nelson Marlborough,Maori,30-34,314,87,941,334,92,,,,,,,,,,,,,,,
Nelson Marlborough,Maori,35-39,334,97,810,412,120,,,,,,,,,,,,,,,
Nelson Marlborough,Maori,40-44,334,129,762,438,169,,,,,,,,,,,,,,,
Nelson Marlborough,Maori,45-49,422,196,873,483,225,,,,,,,,,,,,,,,
Nelson Marlborough,Maori,50-54,545,284,855,637,332,,,,,,,,,,,,,,,
Nelson Marlborough,Maori,55-59,574,361,785,731,460,,,,,,,,,,,,,,,
Nelson Marlborough,Maori,60-64,488,372,607,804,613,,,,,,,,,,,,,,,
Nelson Marlborough,Maori,65+,951,841,"1,040",914,809,,,,,,,,,,,,,,,
Nelson Marlborough,Pacific Peoples,12-15,102,0,220,464,0,,,,,,,,,,,,,,,
Nelson Marlborough,Pacific Peoples,16-19,101,21,181,558,116,,,,,,,,,,,,,,,
Nelson Marlborough,Pacific Peoples,20-24,350,246,247,"1,417",996,,,,,,,,,,,,,,,
Nelson Marlborough,Pacific Peoples,25-29,458,324,240,"1,908","1,350",,,,,,,,,,,,,,,
Nelson Marlborough,Pacific Peoples,30-34,470,330,243,"1,934","1,358",,,,,,,,,,,,,,,
Nelson Marlborough,Pacific Peoples,35-39,427,287,237,"1,802","1,211",,,,,,,,,,,,,,,
Nelson Marlborough,Pacific Peoples,40-44,318,192,186,"1,710","1,032",,,,,,,,,,,,,,,
Nelson Marlborough,Pacific Peoples,45-49,191,121,153,"1,248",791,,,,,,,,,,,,,,,
Nelson Marlborough,Pacific Peoples,50-54,122,72,132,924,545,,,,,,,,,,,,,,,
Nelson Marlborough,Pacific Peoples,55-59,96,52,96,"1,000",542,,,,,,,,,,,,,,,
Nelson Marlborough,Pacific Peoples,60-64,52,36,68,765,529,,,,,,,,,,,,,,,
Nelson Marlborough,Pacific Peoples,65+,101,89,112,902,795,,,,,,,,,,,,,,,
Nelson Marlborough,Unknown,12-15,9,0,7,"1,286",0,,,,,,,,,,,,,,,
Nelson Marlborough,Unknown,20-24,27,14,6,"4,500","2,333",,,,,,,,,,,,,,,
Nelson Marlborough,Unknown,25-29,69,45,15,"4,600","3,000",,,,,,,,,,,,,,,
Nelson Marlborough,Unknown,30-34,73,40,17,"4,294","2,353",,,,,,,,,,,,,,,
Nelson Marlborough,Unknown,35-39,53,23,28,"1,893",821,,,,,,,,,,,,,,,
Nelson Marlborough,Unknown,40-44,80,39,110,727,355,,,,,,,,,,,,,,,
Nelson Marlborough,Unknown,45-49,167,62,123,"1,358",504,,,,,,,,,,,,,,,
Nelson Marlborough,Unknown,50-54,77,21,64,"1,203",328,,,,,,,,,,,,,,,
Nelson Marlborough,Unknown,55-59,86,42,67,"1,284",627,,,,,,,,,,,,,,,
Nelson Marlborough,Unknown,60-64,53,35,42,"1,262",833,,,,,,,,,,,,,,,
Nelson Marlborough,Unknown,65+,94,79,76,"1,237","1,039",,,,,,,,,,,,,,,
Northland,Asian,12-15,108,0,273,396,0,,,,,,,,,,,,,,,
Northland,Asian,16-19,96,22,210,457,105,,,,,,,,,,,,,,,
Northland,Asian,20-24,152,60,303,502,198,,,,,,,,,,,,,,,
Northland,Asian,25-29,467,209,719,650,291,,,,,,,,,,,,,,,
Northland,Asian,30-34,656,326,958,685,340,,,,,,,,,,,,,,,
Northland,Asian,35-39,547,244,715,765,341,,,,,,,,,,,,,,,
Northland,Asian,40-44,407,165,528,771,312,,,,,,,,,,,,,,,
Northland,Asian,45-49,341,156,459,743,340,,,,,,,,,,,,,,,
Northland,Asian,50-54,319,208,389,820,535,,,,,,,,,,,,,,,
Northland,Asian,55-59,266,175,333,799,526,,,,,,,,,,,,,,,
Northland,Asian,60-64,235,171,274,858,624,,,,,,,,,,,,,,,
Northland,Asian,65+,332,263,423,785,622,,,,,,,,,,,,,,,
Northland,European or Other,12-15,"1,146",0,"4,769",240,0,,,,,,,,,,,,,,,
Northland,European or Other,16-19,"1,033",165,"4,084",253,40,,,,,,,,,,,,,,,
Northland,European or Other,20-24,968,381,"4,227",229,90,,,,,,,,,,,,,,,
Northland,European or Other,25-29,"1,176",481,"5,155",228,93,,,,,,,,,,,,,,,
Northland,European or Other,30-34,"1,864",578,"5,618",332,103,,,,,,,,,,,,,,,
Northland,European or Other,35-39,"2,109",644,"5,626",375,114,,,,,,,,,,,,,,,
Northland,European or Other,40-44,"2,275",699,"5,626",404,124,,,,,,,,,,,,,,,
Northland,European or Other,45-49,"3,164","1,159","7,087",446,164,,,,,,,,,,,,,,,
Northland,European or Other,50-54,"4,775","2,477","8,209",582,302,,,,,,,,,,,,,,,
Northland,European or Other,55-59,"5,942","3,474","9,555",622,364,,,,,,,,,,,,,,,
Northland,European or Other,60-64,"7,070","4,681","10,006",707,468,,,,,,,,,,,,,,,
Northland,European or Other,65+,"26,610","21,505","32,035",831,671,,,,,,,,,,,,,,,
Northland,Maori,12-15,784,0,"5,342",147,0,,,,,,,,,,,,,,,
Northland,Maori,16-19,644,130,"4,372",147,30,,,,,,,,,,,,,,,
Northland,Maori,20-24,605,216,"4,725",128,46,,,,,,,,,,,,,,,
Northland,Maori,25-29,596,237,"4,586",130,52,,,,,,,,,,,,,,,
Northland,Maori,30-34,792,270,"4,299",184,63,,,,,,,,,,,,,,,
Northland,Maori,35-39,823,291,"3,431",240,85,,,,,,,,,,,,,,,
Northland,Maori,40-44,990,358,"3,235",306,111,,,,,,,,,,,,,,,
Northland,Maori,45-49,"1,306",512,"3,837",340,133,,,,,,,,,,,,,,,
Northland,Maori,50-54,"1,703",885,"3,722",458,238,,,,,,,,,,,,,,,
Northland,Maori,55-59,"2,069","1,253","3,915",528,320,,,,,,,,,,,,,,,
Northland,Maori,60-64,"2,170","1,498","3,289",660,455,,,,,,,,,,,,,,,
Northland,Maori,65+,"4,315","3,520","5,735",752,614,,,,,,,,,,,,,,,
Northland,Pacific Peoples,12-15,41,0,271,151,0,,,,,,,,,,,,,,,
Northland,Pacific Peoples,16-19,47,11,214,220,51,,,,,,,,,,,,,,,
Northland,Pacific Peoples,20-24,38,15,233,163,64,,,,,,,,,,,,,,,
Northland,Pacific Peoples,25-29,62,26,302,205,86,,,,,,,,,,,,,,,
Northland,Pacific Peoples,30-34,92,28,302,305,93,,,,,,,,,,,,,,,
Northland,Pacific Peoples,35-39,89,39,258,345,151,,,,,,,,,,,,,,,
Northland,Pacific Peoples,40-44,95,30,249,382,120,,,,,,,,,,,,,,,
Northland,Pacific Peoples,45-49,119,54,251,474,215,,,,,,,,,,,,,,,
Northland,Pacific Peoples,50-54,118,66,225,524,293,,,,,,,,,,,,,,,
Northland,Pacific Peoples,55-59,113,65,179,631,363,,,,,,,,,,,,,,,
Northland,Pacific Peoples,60-64,110,78,141,780,553,,,,,,,,,,,,,,,
Northland,Pacific Peoples,65+,228,184,309,738,595,,,,,,,,,,,,,,,
Northland,Unknown,20-24,8,0,7,"1,143",0,,,,,,,,,,,,,,,
Northland,Unknown,25-29,12,7,15,800,467,,,,,,,,,,,,,,,
Northland,Unknown,30-34,41,29,13,"3,154","2,231",,,,,,,,,,,,,,,
Northland,Unknown,35-39,40,22,38,"1,053",579,,,,,,,,,,,,,,,
Northland,Unknown,40-44,28,14,29,966,483,,,,,,,,,,,,,,,
Northland,Unknown,45-49,25,10,28,893,357,,,,,,,,,,,,,,,
Northland,Unknown,50-54,25,12,27,926,444,,,,,,,,,,,,,,,
Northland,Unknown,55-59,38,20,36,"1,056",556,,,,,,,,,,,,,,,
Northland,Unknown,60-64,45,22,37,"1,216",595,,,,,,,,,,,,,,,
Northland,Unknown,65+,70,58,81,864,716,,,,,,,,,,,,,,,
Overseas / Unknown,Asian,20-24,25,12,279,90,43,,,,,,,,,,,,,,,
Overseas / Unknown,Asian,25-29,34,14,400,85,35,,,,,,,,,,,,,,,
Overseas / Unknown,Asian,30-34,40,22,313,128,70,,,,,,,,,,,,,,,
Overseas / Unknown,Asian,35-39,34,17,200,170,85,,,,,,,,,,,,,,,
Overseas / Unknown,Asian,40-44,19,13,142,134,92,,,,,,,,,,,,,,,
Overseas / Unknown,Asian,45-49,13,10,135,96,74,,,,,,,,,,,,,,,
Overseas / Unknown,Asian,50-54,10,5,127,79,39,,,,,,,,,,,,,,,
Overseas / Unknown,Asian,55-59,10,0,110,91,0,,,,,,,,,,,,,,,
Overseas / Unknown,Asian,60-64,15,9,132,114,68,,,,,,,,,,,,,,,
Overseas / Unknown,Asian,65+,22,16,253,87,63,,,,,,,,,,,,,,,
Overseas / Unknown,European or Other,12-15,8,0,207,39,0,,,,,,,,,,,,,,,
Overseas / Unknown,European or Other,20-24,29,9,"1,011",29,9,,,,,,,,,,,,,,,
Overseas / Unknown,European or Other,25-29,77,38,"1,435",54,26,,,,,,,,,,,,,,,
Overseas / Unknown,European or Other,30-34,64,22,"1,110",58,20,,,,,,,,,,,,,,,
Overseas / Unknown,European or Other,35-39,45,17,719,63,24,,,,,,,,,,,,,,,
Overseas / Unknown,European or Other,40-44,31,12,514,60,23,,,,,,,,,,,,,,,
Overseas / Unknown,European or Other,45-49,30,15,569,53,26,,,,,,,,,,,,,,,
Overseas / Unknown,European or Other,50-54,48,21,611,79,34,,,,,,,,,,,,,,,
Overseas / Unknown,European or Other,55-59,57,29,650,88,45,,,,,,,,,,,,,,,
Overseas / Unknown,European or Other,60-64,58,31,676,86,46,,,,,,,,,,,,,,,
Overseas / Unknown,European or Other,65+,206,164,"2,028",102,81,,,,,,,,,,,,,,,
Overseas / Unknown,Maori,16-19,7,0,127,55,0,,,,,,,,,,,,,,,
Overseas / Unknown,Maori,25-29,6,0,410,15,0,,,,,,,,,,,,,,,
Overseas / Unknown,Maori,30-34,8,0,365,22,0,,,,,,,,,,,,,,,
Overseas / Unknown,Maori,35-39,7,0,270,26,0,,,,,,,,,,,,,,,
Overseas / Unknown,Maori,40-44,7,0,237,30,0,,,,,,,,,,,,,,,
Overseas / Unknown,Maori,45-49,9,0,216,42,0,,,,,,,,,,,,,,,
Overseas / Unknown,Maori,50-54,9,0,181,50,0,,,,,,,,,,,,,,,
Overseas / Unknown,Maori,55-59,12,7,129,93,54,,,,,,,,,,,,,,,
Overseas / Unknown,Maori,65+,18,15,159,113,94,,,,,,,,,,,,,,,
Overseas / Unknown,Pacific Peoples,16-19,8,0,56,143,0,,,,,,,,,,,,,,,
Overseas / Unknown,Pacific Peoples,20-24,25,17,127,197,134,,,,,,,,,,,,,,,
Overseas / Unknown,Pacific Peoples,25-29,67,43,181,370,238,,,,,,,,,,,,,,,
Overseas / Unknown,Pacific Peoples,30-34,63,37,134,470,276,,,,,,,,,,,,,,,
Overseas / Unknown,Pacific Peoples,35-39,49,23,139,353,165,,,,,,,,,,,,,,,
Overseas / Unknown,Pacific Peoples,40-44,30,19,104,288,183,,,,,,,,,,,,,,,
Overseas / Unknown,Pacific Peoples,45-49,23,10,81,284,123,,,,,,,,,,,,,,,
Overseas / Unknown,Pacific Peoples,50-54,9,6,87,103,69,,,,,,,,,,,,,,,
Overseas / Unknown,Pacific Peoples,55-59,12,9,60,200,150,,,,,,,,,,,,,,,
Overseas / Unknown,Pacific Peoples,60-64,10,0,40,250,0,,,,,,,,,,,,,,,
Overseas / Unknown,Pacific Peoples,65+,5,0,93,54,0,,,,,,,,,,,,,,,
Overseas / Unknown,Unknown,20-24,7,5,59,119,85,,,,,,,,,,,,,,,
Overseas / Unknown,Unknown,25-29,6,0,98,61,0,,,,,,,,,,,,,,,
Overseas / Unknown,Unknown,30-34,17,11,134,127,82,,,,,,,,,,,,,,,
Overseas / Unknown,Unknown,35-39,0,6,113,0,53,,,,,,,,,,,,,,,
Overseas / Unknown,Unknown,40-44,7,0,116,60,0,,,,,,,,,,,,,,,
Overseas / Unknown,Unknown,45-49,7,0,121,58,0,,,,,,,,,,,,,,,
Overseas / Unknown,Unknown,55-59,5,0,126,40,0,,,,,,,,,,,,,,,
Overseas / Unknown,Unknown,60-64,9,0,98,92,0,,,,,,,,,,,,,,,
Overseas / Unknown,Unknown,65+,12,8,176,68,45,,,,,,,,,,,,,,,
South Canterbury,Asian,12-15,39,0,171,228,0,,,,,,,,,,,,,,,
South Canterbury,Asian,16-19,41,9,126,325,71,,,,,,,,,,,,,,,
South Canterbury,Asian,20-24,58,18,121,479,149,,,,,,,,,,,,,,,
South Canterbury,Asian,25-29,161,54,353,456,153,,,,,,,,,,,,,,,
South Canterbury,Asian,30-34,265,127,445,596,285,,,,,,,,,,,,,,,
South Canterbury,Asian,35-39,217,62,351,618,177,,,,,,,,,,,,,,,
South Canterbury,Asian,40-44,163,35,296,551,118,,,,,,,,,,,,,,,
South Canterbury,Asian,45-49,141,43,194,727,222,,,,,,,,,,,,,,,
South Canterbury,Asian,50-54,92,27,126,730,214,,,,,,,,,,,,,,,
South Canterbury,Asian,55-59,83,23,86,965,267,,,,,,,,,,,,,,,
South Canterbury,Asian,60-64,60,41,73,822,562,,,,,,,,,,,,,,,
South Canterbury,Asian,65+,76,57,92,826,620,,,,,,,,,,,,,,,
South Canterbury,European or Other,12-15,751,0,"2,344",320,0,,,,,,,,,,,,,,,
South Canterbury,European or Other,16-19,554,113,"2,167",256,52,,,,,,,,,,,,,,,
South Canterbury,European or Other,20-24,606,234,"2,529",240,93,,,,,,,,,,,,,,,
South Canterbury,European or Other,25-29,640,278,"2,903",220,96,,,,,,,,,,,,,,,
South Canterbury,European or Other,30-34,"1,002",306,"2,818",356,109,,,,,,,,,,,,,,,
South Canterbury,European or Other,35-39,"1,121",364,"2,550",440,143,,,,,,,,,,,,,,,
South Canterbury,European or Other,40-44,"1,254",433,"2,697",465,161,,,,,,,,,,,,,,,
South Canterbury,European or Other,45-49,"1,682",642,"3,377",498,190,,,,,,,,,,,,,,,
South Canterbury,European or Other,50-54,"2,257",899,"3,710",608,242,,,,,,,,,,,,,,,
South Canterbury,European or Other,55-59,"2,950","1,426","4,095",720,348,,,,,,,,,,,,,,,
South Canterbury,European or Other,60-64,"3,232","2,238","3,949",818,567,,,,,,,,,,,,,,,
South Canterbury,European or Other,65+,"11,653","10,623","12,697",918,837,,,,,,,,,,,,,,,
South Canterbury,Maori,12-15,89,0,384,232,0,,,,,,,,,,,,,,,
South Canterbury,Maori,16-19,86,23,321,268,72,,,,,,,,,,,,,,,
South Canterbury,Maori,20-24,69,31,385,179,81,,,,,,,,,,,,,,,
South Canterbury,Maori,25-29,61,30,330,185,91,,,,,,,,,,,,,,,
South Canterbury,Maori,30-34,87,31,317,274,98,,,,,,,,,,,,,,,
South Canterbury,Maori,35-39,82,34,220,373,155,,,,,,,,,,,,,,,
South Canterbury,Maori,40-44,97,39,258,376,151,,,,,,,,,,,,,,,
South Canterbury,Maori,45-49,129,56,279,462,201,,,,,,,,,,,,,,,
South Canterbury,Maori,50-54,130,63,235,553,268,,,,,,,,,,,,,,,
South Canterbury,Maori,55-59,145,81,221,656,367,,,,,,,,,,,,,,,
South Canterbury,Maori,60-64,119,84,167,713,503,,,,,,,,,,,,,,,
South Canterbury,Maori,65+,293,269,311,942,865,,,,,,,,,,,,,,,
South Canterbury,Pacific Peoples,12-15,29,0,71,408,0,,,,,,,,,,,,,,,
South Canterbury,Pacific Peoples,16-19,15,5,76,197,66,,,,,,,,,,,,,,,
South Canterbury,Pacific Peoples,20-24,27,9,109,248,83,,,,,,,,,,,,,,,
South Canterbury,Pacific Peoples,25-29,43,17,98,439,173,,,,,,,,,,,,,,,
South Canterbury,Pacific Peoples,30-34,45,16,116,388,138,,,,,,,,,,,,,,,
South Canterbury,Pacific Peoples,35-39,47,15,107,439,140,,,,,,,,,,,,,,,
South Canterbury,Pacific Peoples,40-44,56,21,89,629,236,,,,,,,,,,,,,,,
South Canterbury,Pacific Peoples,45-49,31,9,51,608,176,,,,,,,,,,,,,,,
South Canterbury,Pacific Peoples,50-54,24,12,37,649,324,,,,,,,,,,,,,,,
South Canterbury,Pacific Peoples,55-59,12,0,23,522,0,,,,,,,,,,,,,,,
South Canterbury,Pacific Peoples,60-64,19,13,24,792,542,,,,,,,,,,,,,,,
South Canterbury,Pacific Peoples,65+,30,27,36,833,750,,,,,,,,,,,,,,,
South Canterbury,Unknown,45-49,9,0,8,"1,125",0,,,,,,,,,,,,,,,
South Canterbury,Unknown,55-59,6,5,8,750,625,,,,,,,,,,,,,,,
South Canterbury,Unknown,65+,7,0,7,"1,000",0,,,,,,,,,,,,,,,
Southern,Asian,12-15,371,0,927,400,0,,,,,,,,,,,,,,,
Southern,Asian,16-19,774,162,"1,267",611,128,,,,,,,,,,,,,,,
Southern,Asian,20-24,"1,555",750,"1,847",842,406,,,,,,,,,,,,,,,
Southern,Asian,25-29,"1,443",571,"2,152",671,265,,,,,,,,,,,,,,,
Southern,Asian,30-34,"1,964",818,"2,669",736,306,,,,,,,,,,,,,,,
Southern,Asian,35-39,"1,698",696,"2,428",699,287,,,,,,,,,,,,,,,
Southern,Asian,40-44,"1,203",445,"1,669",721,267,,,,,,,,,,,,,,,
Southern,Asian,45-49,"1,013",368,"1,251",810,294,,,,,,,,,,,,,,,
Southern,Asian,50-54,727,266,887,820,300,,,,,,,,,,,,,,,
Southern,Asian,55-59,525,215,672,781,320,,,,,,,,,,,,,,,
Southern,Asian,60-64,425,244,484,878,504,,,,,,,,,,,,,,,
Southern,Asian,65+,644,481,756,852,636,,,,,,,,,,,,,,,
Southern,European or Other,12-15,"4,152",0,"12,088",343,0,,,,,,,,,,,,,,,
Southern,European or Other,16-19,"6,028","1,014","13,651",442,74,,,,,,,,,,,,,,,
Southern,European or Other,20-24,"8,724","2,762","18,021",484,153,,,,,,,,,,,,,,,
Southern,European or Other,25-29,"6,813","2,418","17,765",384,136,,,,,,,,,,,,,,,
Southern,European or Other,30-34,"7,978","2,475","17,577",454,141,,,,,,,,,,,,,,,
Southern,European or Other,35-39,"7,951","2,561","16,257",489,158,,,,,,,,,,,,,,,
Southern,European or Other,40-44,"8,558","2,847","15,986",535,178,,,,,,,,,,,,,,,
Southern,European or Other,45-49,"11,028","3,885","18,190",606,214,,,,,,,,,,,,,,,
Southern,European or Other,50-54,"12,645","4,791","18,051",701,265,,,,,,,,,,,,,,,
Southern,European or Other,55-59,"14,579","6,326","20,230",721,313,,,,,,,,,,,,,,,
Southern,European or Other,60-64,"15,535","8,550","19,008",817,450,,,,,,,,,,,,,,,
Southern,European or Other,65+,"48,851","38,945","53,840",907,723,,,,,,,,,,,,,,,
Southern,Maori,12-15,626,0,"2,505",250,0,,,,,,,,,,,,,,,
Southern,Maori,16-19,908,215,"2,426",374,89,,,,,,,,,,,,,,,
Southern,Maori,20-24,"1,172",395,"2,895",405,136,,,,,,,,,,,,,,,
Southern,Maori,25-29,725,279,"2,464",294,113,,,,,,,,,,,,,,,
Southern,Maori,30-34,735,290,"2,181",337,133,,,,,,,,,,,,,,,
Southern,Maori,35-39,729,282,"1,807",403,156,,,,,,,,,,,,,,,
Southern,Maori,40-44,838,318,"1,609",521,198,,,,,,,,,,,,,,,
Southern,Maori,45-49,910,422,"1,630",558,259,,,,,,,,,,,,,,,
Southern,Maori,50-54,978,456,"1,625",602,281,,,,,,,,,,,,,,,
Southern,Maori,55-59,987,509,"1,465",674,347,,,,,,,,,,,,,,,
Southern,Maori,60-64,864,507,"1,085",796,467,,,,,,,,,,,,,,,
Southern,Maori,65+,"1,706","1,301","1,954",873,666,,,,,,,,,,,,,,,
Southern,Pacific Peoples,12-15,163,0,565,288,0,,,,,,,,,,,,,,,
Southern,Pacific Peoples,16-19,297,67,693,429,97,,,,,,,,,,,,,,,
Southern,Pacific Peoples,20-24,459,174,792,580,220,,,,,,,,,,,,,,,
Southern,Pacific Peoples,25-29,364,152,701,519,217,,,,,,,,,,,,,,,
Southern,Pacific Peoples,30-34,347,160,586,592,273,,,,,,,,,,,,,,,
Southern,Pacific Peoples,35-39,338,178,585,578,304,,,,,,,,,,,,,,,
Southern,Pacific Peoples,40-44,315,152,461,683,330,,,,,,,,,,,,,,,
Southern,Pacific Peoples,45-49,305,148,437,698,339,,,,,,,,,,,,,,,
Southern,Pacific Peoples,50-54,258,124,353,731,351,,,,,,,,,,,,,,,
Southern,Pacific Peoples,55-59,187,95,250,748,380,,,,,,,,,,,,,,,
Southern,Pacific Peoples,60-64,172,105,219,785,479,,,,,,,,,,,,,,,
Southern,Pacific Peoples,65+,331,256,389,851,658,,,,,,,,,,,,,,,
Southern,Unknown,12-15,5,0,5,"1,000",0,,,,,,,,,,,,,,,
Southern,Unknown,16-19,27,0,19,"1,421",0,,,,,,,,,,,,,,,
Southern,Unknown,20-24,59,18,39,"1,513",462,,,,,,,,,,,,,,,
Southern,Unknown,25-29,89,32,48,"1,854",667,,,,,,,,,,,,,,,
Southern,Unknown,30-34,99,41,58,"1,707",707,,,,,,,,,,,,,,,
Southern,Unknown,35-39,72,31,43,"1,674",721,,,,,,,,,,,,,,,
Southern,Unknown,40-44,71,20,58,"1,224",345,,,,,,,,,,,,,,,
Southern,Unknown,45-49,62,20,63,984,317,,,,,,,,,,,,,,,
Southern,Unknown,50-54,63,22,53,"1,189",415,,,,,,,,,,,,,,,
Southern,Unknown,55-59,90,34,79,"1,139",430,,,,,,,,,,,,,,,
Southern,Unknown,60-64,90,50,58,"1,552",862,,,,,,,,,,,,,,,
Southern,Unknown,65+,136,96,142,958,676,,,,,,,,,,,,,,,
Tairawhiti,Asian,12-15,37,0,71,521,0,,,,,,,,,,,,,,,
Tairawhiti,Asian,16-19,29,0,48,604,0,,,,,,,,,,,,,,,
Tairawhiti,Asian,20-24,44,21,59,746,356,,,,,,,,,,,,,,,
Tairawhiti,Asian,25-29,142,58,185,768,314,,,,,,,,,,,,,,,
Tairawhiti,Asian,30-34,185,92,219,845,420,,,,,,,,,,,,,,,
Tairawhiti,Asian,35-39,112,44,120,933,367,,,,,,,,,,,,,,,
Tairawhiti,Asian,40-44,85,38,108,787,352,,,,,,,,,,,,,,,
Tairawhiti,Asian,45-49,64,25,78,821,321,,,,,,,,,,,,,,,
Tairawhiti,Asian,50-54,60,37,65,923,569,,,,,,,,,,,,,,,
Tairawhiti,Asian,55-59,61,33,63,968,524,,,,,,,,,,,,,,,
Tairawhiti,Asian,60-64,31,19,31,"1,000",613,,,,,,,,,,,,,,,
Tairawhiti,Asian,65+,52,39,74,703,527,,,,,,,,,,,,,,,
Tairawhiti,European or Other,12-15,428,0,998,429,0,,,,,,,,,,,,,,,
Tairawhiti,European or Other,16-19,445,49,877,507,56,,,,,,,,,,,,,,,
Tairawhiti,European or Other,20-24,428,148,"1,019",420,145,,,,,,,,,,,,,,,
Tairawhiti,European or Other,25-29,499,153,"1,209",413,127,,,,,,,,,,,,,,,
Tairawhiti,European or Other,30-34,581,177,"1,289",451,137,,,,,,,,,,,,,,,
Tairawhiti,European or Other,35-39,597,177,"1,254",476,141,,,,,,,,,,,,,,,
Tairawhiti,European or Other,40-44,698,261,"1,316",530,198,,,,,,,,,,,,,,,
Tairawhiti,European or Other,45-49,922,398,"1,478",624,269,,,,,,,,,,,,,,,
Tairawhiti,European or Other,50-54,"1,059",526,"1,549",684,340,,,,,,,,,,,,,,,
Tairawhiti,European or Other,55-59,"1,244",666,"1,707",729,390,,,,,,,,,,,,,,,
Tairawhiti,European or Other,60-64,"1,398",863,"1,710",818,505,,,,,,,,,,,,,,,
Tairawhiti,European or Other,65+,"4,888","4,189","5,494",890,762,,,,,,,,,,,,,,,
Tairawhiti,Maori,12-15,542,0,"2,059",263,0,,,,,,,,,,,,,,,
Tairawhiti,Maori,16-19,496,116,"1,851",268,63,,,,,,,,,,,,,,,
Tairawhiti,Maori,20-24,432,140,"1,845",234,76,,,,,,,,,,,,,,,
Tairawhiti,Maori,25-29,427,163,"1,879",227,87,,,,,,,,,,,,,,,
Tairawhiti,Maori,30-34,496,178,"1,666",298,107,,,,,,,,,,,,,,,
Tairawhiti,Maori,35-39,490,179,"1,420",345,126,,,,,,,,,,,,,,,
Tairawhiti,Maori,40-44,557,215,"1,350",413,159,,,,,,,,,,,,,,,
Tairawhiti,Maori,45-49,729,316,"1,477",494,214,,,,,,,,,,,,,,,
Tairawhiti,Maori,50-54,756,368,"1,432",528,257,,,,,,,,,,,,,,,
Tairawhiti,Maori,55-59,900,488,"1,390",647,351,,,,,,,,,,,,,,,
Tairawhiti,Maori,60-64,915,604,"1,253",730,482,,,,,,,,,,,,,,,
Tairawhiti,Maori,65+,"1,865","1,496","2,217",841,675,,,,,,,,,,,,,,,
Tairawhiti,Pacific Peoples,12-15,29,0,72,403,0,,,,,,,,,,,,,,,
Tairawhiti,Pacific Peoples,16-19,26,9,64,406,141,,,,,,,,,,,,,,,
Tairawhiti,Pacific Peoples,20-24,38,22,89,427,247,,,,,,,,,,,,,,,
Tairawhiti,Pacific Peoples,25-29,44,24,100,440,240,,,,,,,,,,,,,,,
Tairawhiti,Pacific Peoples,30-34,61,30,110,555,273,,,,,,,,,,,,,,,
Tairawhiti,Pacific Peoples,35-39,51,17,83,614,205,,,,,,,,,,,,,,,
Tairawhiti,Pacific Peoples,40-44,52,26,84,619,310,,,,,,,,,,,,,,,
Tairawhiti,Pacific Peoples,45-49,48,30,84,571,357,,,,,,,,,,,,,,,
Tairawhiti,Pacific Peoples,50-54,68,39,84,810,464,,,,,,,,,,,,,,,
Tairawhiti,Pacific Peoples,55-59,58,40,76,763,526,,,,,,,,,,,,,,,
Tairawhiti,Pacific Peoples,60-64,37,19,46,804,413,,,,,,,,,,,,,,,
Tairawhiti,Pacific Peoples,65+,64,52,73,877,712,,,,,,,,,,,,,,,
Tairawhiti,Unknown,25-29,9,0,6,"1,500",0,,,,,,,,,,,,,,,
Tairawhiti,Unknown,30-34,9,0,15,600,0,,,,,,,,,,,,,,,
Tairawhiti,Unknown,35-39,6,0,11,545,0,,,,,,,,,,,,,,,
Tairawhiti,Unknown,40-44,11,0,11,"1,000",0,,,,,,,,,,,,,,,
Tairawhiti,Unknown,45-49,9,6,12,750,500,,,,,,,,,,,,,,,
Tairawhiti,Unknown,50-54,11,0,13,846,0,,,,,,,,,,,,,,,
Tairawhiti,Unknown,55-59,11,0,13,846,0,,,,,,,,,,,,,,,
Tairawhiti,Unknown,60-64,11,0,15,733,0,,,,,,,,,,,,,,,
Tairawhiti,Unknown,65+,30,26,34,882,765,,,,,,,,,,,,,,,
Taranaki,Asian,12-15,89,0,263,338,0,,,,,,,,,,,,,,,
Taranaki,Asian,16-19,68,10,183,372,55,,,,,,,,,,,,,,,
Taranaki,Asian,20-24,147,71,206,714,345,,,,,,,,,,,,,,,
Taranaki,Asian,25-29,253,99,441,574,224,,,,,,,,,,,,,,,
Taranaki,Asian,30-34,407,164,656,620,250,,,,,,,,,,,,,,,
Taranaki,Asian,35-39,407,149,640,636,233,,,,,,,,,,,,,,,
Taranaki,Asian,40-44,261,95,451,579,211,,,,,,,,,,,,,,,
Taranaki,Asian,45-49,196,77,298,658,258,,,,,,,,,,,,,,,
Taranaki,Asian,50-54,144,43,247,583,174,,,,,,,,,,,,,,,
Taranaki,Asian,55-59,107,47,195,549,241,,,,,,,,,,,,,,,
Taranaki,Asian,60-64,91,42,146,623,288,,,,,,,,,,,,,,,
Taranaki,Asian,65+,192,128,255,753,502,,,,,,,,,,,,,,,
Taranaki,European or Other,12-15,"1,194",0,"4,660",256,0,,,,,,,,,,,,,,,
Taranaki,European or Other,16-19,"1,148",119,"3,871",297,31,,,,,,,,,,,,,,,
Taranaki,European or Other,20-24,"1,186",307,"4,375",271,70,,,,,,,,,,,,,,,
Taranaki,European or Other,25-29,"1,377",428,"5,004",275,86,,,,,,,,,,,,,,,
Taranaki,European or Other,30-34,"1,523",418,"5,398",282,77,,,,,,,,,,,,,,,
Taranaki,European or Other,35-39,"1,743",499,"5,366",325,93,,,,,,,,,,,,,,,
Taranaki,European or Other,40-44,"2,110",586,"5,403",391,108,,,,,,,,,,,,,,,
Taranaki,European or Other,45-49,"2,601",781,"6,296",413,124,,,,,,,,,,,,,,,
Taranaki,European or Other,50-54,"3,124",948,"6,363",491,149,,,,,,,,,,,,,,,
Taranaki,European or Other,55-59,"3,640","1,208","6,852",531,176,,,,,,,,,,,,,,,
Taranaki,European or Other,60-64,"4,022","1,784","6,732",597,265,,,,,,,,,,,,,,,
Taranaki,European or Other,65+,"15,775","10,790","20,199",781,534,,,,,,,,,,,,,,,
Taranaki,Maori,12-15,272,0,"1,766",154,0,,,,,,,,,,,,,,,
Taranaki,Maori,16-19,230,41,"1,495",154,27,,,,,,,,,,,,,,,
Taranaki,Maori,20-24,241,77,"1,617",149,48,,,,,,,,,,,,,,,
Taranaki,Maori,25-29,208,53,"1,564",133,34,,,,,,,,,,,,,,,
Taranaki,Maori,30-34,281,81,"1,482",190,55,,,,,,,,,,,,,,,
Taranaki,Maori,35-39,311,87,"1,212",257,72,,,,,,,,,,,,,,,
Taranaki,Maori,40-44,324,96,"1,149",282,84,,,,,,,,,,,,,,,
Taranaki,Maori,45-49,410,131,"1,225",335,107,,,,,,,,,,,,,,,
Taranaki,Maori,50-54,501,199,"1,081",463,184,,,,,,,,,,,,,,,
Taranaki,Maori,55-59,508,196,"1,060",479,185,,,,,,,,,,,,,,,
Taranaki,Maori,60-64,492,253,841,585,301,,,,,,,,,,,,,,,
Taranaki,Maori,65+,"1,051",776,"1,412",744,550,,,,,,,,,,,,,,,
Taranaki,Pacific Peoples,12-15,24,0,134,179,0,,,,,,,,,,,,,,,
Taranaki,Pacific Peoples,16-19,32,5,130,246,38,,,,,,,,,,,,,,,
Taranaki,Pacific Peoples,20-24,32,11,124,258,89,,,,,,,,,,,,,,,
Taranaki,Pacific Peoples,25-29,43,18,126,341,143,,,,,,,,,,,,,,,
Taranaki,Pacific Peoples,30-34,65,30,144,451,208,,,,,,,,,,,,,,,
Taranaki,Pacific Peoples,35-39,63,29,121,521,240,,,,,,,,,,,,,,,
Taranaki,Pacific Peoples,40-44,72,27,113,637,239,,,,,,,,,,,,,,,
Taranaki,Pacific Peoples,45-49,45,20,101,446,198,,,,,,,,,,,,,,,
Taranaki,Pacific Peoples,50-54,36,16,72,500,222,,,,,,,,,,,,,,,
Taranaki,Pacific Peoples,55-59,35,18,77,455,234,,,,,,,,,,,,,,,
Taranaki,Pacific Peoples,60-64,39,20,46,848,435,,,,,,,,,,,,,,,
Taranaki,Pacific Peoples,65+,59,36,82,720,439,,,,,,,,,,,,,,,
Taranaki,Unknown,20-24,5,0,6,833,0,,,,,,,,,,,,,,,
Taranaki,Unknown,25-29,25,14,33,758,424,,,,,,,,,,,,,,,
Taranaki,Unknown,30-34,46,23,48,958,479,,,,,,,,,,,,,,,
Taranaki,Unknown,35-39,36,11,69,522,159,,,,,,,,,,,,,,,
Taranaki,Unknown,40-44,29,13,41,707,317,,,,,,,,,,,,,,,
Taranaki,Unknown,45-49,23,6,41,561,146,,,,,,,,,,,,,,,
Taranaki,Unknown,50-54,36,7,56,643,125,,,,,,,,,,,,,,,
Taranaki,Unknown,55-59,36,6,49,735,122,,,,,,,,,,,,,,,
Taranaki,Unknown,60-64,30,12,38,789,316,,,,,,,,,,,,,,,
Taranaki,Unknown,65+,72,53,80,900,662,,,,,,,,,,,,,,,
Waikato,Asian,12-15,918,0,"1,988",462,0,,,,,,,,,,,,,,,
Waikato,Asian,16-19,862,194,"1,568",550,124,,,,,,,,,,,,,,,
Waikato,Asian,20-24,"1,435",582,"2,271",632,256,,,,,,,,,,,,,,,
Waikato,Asian,25-29,"2,901","1,271","4,537",639,280,,,,,,,,,,,,,,,
Waikato,Asian,30-34,"3,964","1,808","5,449",727,332,,,,,,,,,,,,,,,
Waikato,Asian,35-39,"3,590","1,607","4,685",766,343,,,,,,,,,,,,,,,
Waikato,Asian,40-44,"2,734","1,229","3,249",841,378,,,,,,,,,,,,,,,
Waikato,Asian,45-49,"1,996",916,"2,388",836,384,,,,,,,,,,,,,,,
Waikato,Asian,50-54,"1,614",781,"1,908",846,409,,,,,,,,,,,,,,,
Waikato,Asian,55-59,"1,332",748,"1,582",842,473,,,,,,,,,,,,,,,
Waikato,Asian,60-64,"1,116",668,"1,460",764,458,,,,,,,,,,,,,,,
Waikato,Asian,65+,"2,342","1,754","2,893",810,606,,,,,,,,,,,,,,,
Waikato,European or Other,12-15,"4,118",0,"13,376",308,0,,,,,,,,,,,,,,,
Waikato,European or Other,16-19,"3,653",634,"12,132",301,52,,,,,,,,,,,,,,,
Waikato,European or Other,20-24,"4,277","1,549","15,632",274,99,,,,,,,,,,,,,,,
Waikato,European or Other,25-29,"4,869","2,056","16,687",292,123,,,,,,,,,,,,,,,
Waikato,European or Other,30-34,"6,089","1,844","16,097",378,115,,,,,,,,,,,,,,,
Waikato,European or Other,35-39,"6,384","1,924","14,933",428,129,,,,,,,,,,,,,,,
Waikato,European or Other,40-44,"7,721","2,214","15,249",506,145,,,,,,,,,,,,,,,
Waikato,European or Other,45-49,"9,882","3,125","18,025",548,173,,,,,,,,,,,,,,,
Waikato,European or Other,50-54,"11,895","3,971","18,537",642,214,,,,,,,,,,,,,,,
Waikato,European or Other,55-59,"12,729","4,838","19,268",661,251,,,,,,,,,,,,,,,
Waikato,European or Other,60-64,"14,227","6,787","18,590",765,365,,,,,,,,,,,,,,,
Waikato,European or Other,65+,"50,396","34,661","58,995",854,588,,,,,,,,,,,,,,,
Waikato,Maori,12-15,"1,334",0,"7,305",183,0,,,,,,,,,,,,,,,
Waikato,Maori,16-19,"1,256",273,"6,532",192,42,,,,,,,,,,,,,,,
Waikato,Maori,20-24,"1,473",488,"7,894",187,62,,,,,,,,,,,,,,,
Waikato,Maori,25-29,"1,382",495,"7,419",186,67,,,,,,,,,,,,,,,
Waikato,Maori,30-34,"1,601",527,"6,473",247,81,,,,,,,,,,,,,,,
Waikato,Maori,35-39,"1,593",573,"5,345",298,107,,,,,,,,,,,,,,,
Waikato,Maori,40-44,"1,890",651,"4,932",383,132,,,,,,,,,,,,,,,
Waikato,Maori,45-49,"2,169",818,"5,087",426,161,,,,,,,,,,,,,,,
Waikato,Maori,50-54,"2,397","1,025","4,670",513,219,,,,,,,,,,,,,,,
Waikato,Maori,55-59,"2,647","1,254","4,592",576,273,,,,,,,,,,,,,,,
Waikato,Maori,60-64,"2,539","1,550","3,561",713,435,,,,,,,,,,,,,,,
Waikato,Maori,65+,"4,966","4,085","5,897",842,693,,,,,,,,,,,,,,,
Waikato,Pacific Peoples,12-15,289,0,941,307,0,,,,,,,,,,,,,,,
Waikato,Pacific Peoples,16-19,312,67,892,350,75,,,,,,,,,,,,,,,
Waikato,Pacific Peoples,20-24,387,125,"1,175",329,106,,,,,,,,,,,,,,,
Waikato,Pacific Peoples,25-29,412,151,"1,130",365,134,,,,,,,,,,,,,,,
Waikato,Pacific Peoples,30-34,441,186,"1,052",419,177,,,,,,,,,,,,,,,
Waikato,Pacific Peoples,35-39,511,211,"1,002",510,211,,,,,,,,,,,,,,,
Waikato,Pacific Peoples,40-44,525,227,918,572,247,,,,,,,,,,,,,,,
Waikato,Pacific Peoples,45-49,491,218,810,606,269,,,,,,,,,,,,,,,
Waikato,Pacific Peoples,50-54,493,213,747,660,285,,,,,,,,,,,,,,,
Waikato,Pacific Peoples,55-59,441,224,588,750,381,,,,,,,,,,,,,,,
Waikato,Pacific Peoples,60-64,342,219,484,707,452,,,,,,,,,,,,,,,
Waikato,Pacific Peoples,65+,796,675,943,844,716,,,,,,,,,,,,,,,
Waikato,Unknown,12-15,11,0,28,393,0,,,,,,,,,,,,,,,
Waikato,Unknown,16-19,42,6,106,396,57,,,,,,,,,,,,,,,
Waikato,Unknown,20-24,79,18,172,459,105,,,,,,,,,,,,,,,
Waikato,Unknown,25-29,114,49,235,485,209,,,,,,,,,,,,,,,
Waikato,Unknown,30-34,183,69,364,503,190,,,,,,,,,,,,,,,
Waikato,Unknown,35-39,268,84,508,528,165,,,,,,,,,,,,,,,
Waikato,Unknown,40-44,285,88,435,655,202,,,,,,,,,,,,,,,
Waikato,Unknown,45-49,257,77,392,656,196,,,,,,,,,,,,,,,
Waikato,Unknown,50-54,325,114,469,693,243,,,,,,,,,,,,,,,
Waikato,Unknown,55-59,348,122,467,745,261,,,,,,,,,,,,,,,
Waikato,Unknown,60-64,403,201,503,801,400,,,,,,,,,,,,,,,
Waikato,Unknown,65+,"1,403","1,006","1,609",872,625,,,,,,,,,,,,,,,
Wairarapa,Asian,12-15,26,0,89,292,0,,,,,,,,,,,,,,,
Wairarapa,Asian,16-19,27,7,55,491,127,,,,,,,,,,,,,,,
Wairarapa,Asian,20-24,30,13,54,556,241,,,,,,,,,,,,,,,
Wairarapa,Asian,25-29,110,67,139,791,482,,,,,,,,,,,,,,,
Wairarapa,Asian,30-34,133,97,196,679,495,,,,,,,,,,,,,,,
Wairarapa,Asian,35-39,134,84,181,740,464,,,,,,,,,,,,,,,
Wairarapa,Asian,40-44,117,74,126,929,587,,,,,,,,,,,,,,,
Wairarapa,Asian,45-49,66,36,76,868,474,,,,,,,,,,,,,,,
Wairarapa,Asian,50-54,54,30,64,844,469,,,,,,,,,,,,,,,
Wairarapa,Asian,55-59,58,39,64,906,609,,,,,,,,,,,,,,,
Wairarapa,Asian,60-64,51,31,64,797,484,,,,,,,,,,,,,,,
Wairarapa,Asian,65+,80,67,97,825,691,,,,,,,,,,,,,,,
Wairarapa,European or Other,12-15,377,0,"1,674",225,0,,,,,,,,,,,,,,,
Wairarapa,European or Other,16-19,379,66,"1,442",263,46,,,,,,,,,,,,,,,
Wairarapa,European or Other,20-24,348,141,"1,500",232,94,,,,,,,,,,,,,,,
Wairarapa,European or Other,25-29,447,181,"1,744",256,104,,,,,,,,,,,,,,,
Wairarapa,European or Other,30-34,536,213,"1,789",300,119,,,,,,,,,,,,,,,
Wairarapa,European or Other,35-39,658,245,"1,853",355,132,,,,,,,,,,,,,,,
Wairarapa,European or Other,40-44,972,374,"1,952",498,192,,,,,,,,,,,,,,,
Wairarapa,European or Other,45-49,"1,254",469,"2,478",506,189,,,,,,,,,,,,,,,
Wairarapa,European or Other,50-54,"1,728",686,"2,707",638,253,,,,,,,,,,,,,,,
Wairarapa,European or Other,55-59,"2,086","1,023","2,946",708,347,,,,,,,,,,,,,,,
Wairarapa,European or Other,60-64,"2,464","1,517","3,044",809,498,,,,,,,,,,,,,,,
Wairarapa,European or Other,65+,"8,831","7,961","9,779",903,814,,,,,,,,,,,,,,,
Wairarapa,Maori,12-15,107,0,704,152,0,,,,,,,,,,,,,,,
Wairarapa,Maori,16-19,118,35,578,204,61,,,,,,,,,,,,,,,
Wairarapa,Maori,20-24,120,52,717,167,73,,,,,,,,,,,,,,,
Wairarapa,Maori,25-29,101,57,608,166,94,,,,,,,,,,,,,,,
Wairarapa,Maori,30-34,117,59,568,206,104,,,,,,,,,,,,,,,
Wairarapa,Maori,35-39,136,69,461,295,150,,,,,,,,,,,,,,,
Wairarapa,Maori,40-44,161,72,447,360,161,,,,,,,,,,,,,,,
Wairarapa,Maori,45-49,217,97,453,479,214,,,,,,,,,,,,,,,
Wairarapa,Maori,50-54,238,140,400,595,350,,,,,,,,,,,,,,,
Wairarapa,Maori,55-59,295,215,429,688,501,,,,,,,,,,,,,,,
Wairarapa,Maori,60-64,266,206,337,789,611,,,,,,,,,,,,,,,
Wairarapa,Maori,65+,490,440,600,817,733,,,,,,,,,,,,,,,
Wairarapa,Pacific Peoples,12-15,12,0,82,146,0,,,,,,,,,,,,,,,
Wairarapa,Pacific Peoples,16-19,27,18,87,310,207,,,,,,,,,,,,,,,
Wairarapa,Pacific Peoples,20-24,25,15,92,272,163,,,,,,,,,,,,,,,
Wairarapa,Pacific Peoples,25-29,38,20,82,463,244,,,,,,,,,,,,,,,
Wairarapa,Pacific Peoples,30-34,29,26,65,446,400,,,,,,,,,,,,,,,
Wairarapa,Pacific Peoples,35-39,42,29,72,583,403,,,,,,,,,,,,,,,
Wairarapa,Pacific Peoples,40-44,42,33,68,618,485,,,,,,,,,,,,,,,
Wairarapa,Pacific Peoples,45-49,46,32,65,708,492,,,,,,,,,,,,,,,
Wairarapa,Pacific Peoples,50-54,50,39,56,893,696,,,,,,,,,,,,,,,
Wairarapa,Pacific Peoples,55-59,45,36,59,763,610,,,,,,,,,,,,,,,
Wairarapa,Pacific Peoples,60-64,27,23,35,771,657,,,,,,,,,,,,,,,
Wairarapa,Pacific Peoples,65+,66,62,74,892,838,,,,,,,,,,,,,,,
Wairarapa,Unknown,30-34,8,0,9,889,0,,,,,,,,,,,,,,,
Wairarapa,Unknown,35-39,12,0,8,"1,500",0,,,,,,,,,,,,,,,
Wairarapa,Unknown,40-44,8,0,8,"1,000",0,,,,,,,,,,,,,,,
Wairarapa,Unknown,45-49,13,6,22,591,273,,,,,,,,,,,,,,,
Wairarapa,Unknown,50-54,14,6,16,875,375,,,,,,,,,,,,,,,
Wairarapa,Unknown,55-59,16,6,17,941,353,,,,,,,,,,,,,,,
Wairarapa,Unknown,60-64,17,11,20,850,550,,,,,,,,,,,,,,,
Wairarapa,Unknown,65+,59,53,61,967,869,,,,,,,,,,,,,,,
West Coast,Asian,12-15,6,0,66,91,0,,,,,,,,,,,,,,,
West Coast,Asian,16-19,9,5,25,360,200,,,,,,,,,,,,,,,
West Coast,Asian,20-24,19,13,42,452,310,,,,,,,,,,,,,,,
West Coast,Asian,25-29,71,42,140,507,300,,,,,,,,,,,,,,,
West Coast,Asian,30-34,119,68,165,721,412,,,,,,,,,,,,,,,
West Coast,Asian,35-39,102,65,128,797,508,,,,,,,,,,,,,,,
West Coast,Asian,40-44,65,34,94,691,362,,,,,,,,,,,,,,,
West Coast,Asian,45-49,54,38,76,711,500,,,,,,,,,,,,,,,
West Coast,Asian,50-54,31,21,43,721,488,,,,,,,,,,,,,,,
West Coast,Asian,55-59,35,19,44,795,432,,,,,,,,,,,,,,,
West Coast,Asian,60-64,28,21,35,800,600,,,,,,,,,,,,,,,
West Coast,Asian,65+,33,26,36,917,722,,,,,,,,,,,,,,,
West Coast,European or Other,12-15,176,0,"1,123",157,0,,,,,,,,,,,,,,,
West Coast,European or Other,16-19,214,69,991,216,70,,,,,,,,,,,,,,,
West Coast,European or Other,20-24,237,122,"1,047",226,117,,,,,,,,,,,,,,,
West Coast,European or Other,25-29,333,206,"1,385",240,149,,,,,,,,,,,,,,,
West Coast,European or Other,30-34,453,230,"1,373",330,168,,,,,,,,,,,,,,,
West Coast,European or Other,35-39,458,246,"1,369",335,180,,,,,,,,,,,,,,,
West Coast,European or Other,40-44,562,320,"1,346",418,238,,,,,,,,,,,,,,,
West Coast,European or Other,45-49,728,451,"1,803",404,250,,,,,,,,,,,,,,,
West Coast,European or Other,50-54,"1,094",615,"2,126",515,289,,,,,,,,,,,,,,,
West Coast,European or Other,55-59,"1,483",827,"2,536",585,326,,,,,,,,,,,,,,,
West Coast,European or Other,60-64,"1,755","1,163","2,380",737,489,,,,,,,,,,,,,,,
West Coast,European or Other,65+,"5,316","4,212","6,420",828,656,,,,,,,,,,,,,,,
West Coast,Maori,12-15,47,0,264,178,0,,,,,,,,,,,,,,,
West Coast,Maori,16-19,51,15,234,218,64,,,,,,,,,,,,,,,
West Coast,Maori,20-24,46,24,250,184,96,,,,,,,,,,,,,,,
West Coast,Maori,25-29,62,31,285,218,109,,,,,,,,,,,,,,,
West Coast,Maori,30-34,53,17,228,232,75,,,,,,,,,,,,,,,
West Coast,Maori,35-39,51,15,173,295,87,,,,,,,,,,,,,,,
West Coast,Maori,40-44,70,37,179,391,207,,,,,,,,,,,,,,,
West Coast,Maori,45-49,83,44,208,399,212,,,,,,,,,,,,,,,
West Coast,Maori,50-54,106,57,219,484,260,,,,,,,,,,,,,,,
West Coast,Maori,55-59,152,87,254,598,343,,,,,,,,,,,,,,,
West Coast,Maori,60-64,137,89,189,725,471,,,,,,,,,,,,,,,
West Coast,Maori,65+,214,162,282,759,574,,,,,,,,,,,,,,,
West Coast,Pacific Peoples,16-19,5,0,24,208,0,,,,,,,,,,,,,,,
West Coast,Pacific Peoples,20-24,10,7,22,455,318,,,,,,,,,,,,,,,
West Coast,Pacific Peoples,25-29,7,7,20,350,350,,,,,,,,,,,,,,,
West Coast,Pacific Peoples,30-34,24,19,33,727,576,,,,,,,,,,,,,,,
West Coast,Pacific Peoples,35-39,16,6,27,593,222,,,,,,,,,,,,,,,
West Coast,Pacific Peoples,40-44,11,5,29,379,172,,,,,,,,,,,,,,,
West Coast,Pacific Peoples,45-49,13,8,32,406,250,,,,,,,,,,,,,,,
West Coast,Pacific Peoples,50-54,17,9,25,680,360,,,,,,,,,,,,,,,
West Coast,Pacific Peoples,55-59,9,0,10,900,0,,,,,,,,,,,,,,,
West Coast,Pacific Peoples,60-64,5,0,10,500,0,,,,,,,,,,,,,,,
West Coast,Pacific Peoples,65+,14,12,13,"1,077",923,,,,,,,,,,,,,,,
West Coast,Unknown,45-49,11,8,13,846,615,,,,,,,,,,,,,,,
West Coast,Unknown,55-59,6,0,8,750,0,,,,,,,,,,,,,,,
West Coast,Unknown,60-64,9,7,8,"1,125",875,,,,,,,,,,,,,,,
West Coast,Unknown,65+,16,11,11,"1,455","1,000",,,,,,,,,,,,,,,
Whanganui,Asian,12-15,39,0,136,287,0,,,,,,,,,,,,,,,
Whanganui,Asian,16-19,69,15,107,645,140,,,,,,,,,,,,,,,
Whanganui,Asian,20-24,74,50,117,632,427,,,,,,,,,,,,,,,
Whanganui,Asian,25-29,144,70,229,629,306,,,,,,,,,,,,,,,
Whanganui,Asian,30-34,194,104,270,719,385,,,,,,,,,,,,,,,
Whanganui,Asian,35-39,182,88,257,708,342,,,,,,,,,,,,,,,
Whanganui,Asian,40-44,117,51,171,684,298,,,,,,,,,,,,,,,
Whanganui,Asian,45-49,94,52,149,631,349,,,,,,,,,,,,,,,
Whanganui,Asian,50-54,97,55,115,843,478,,,,,,,,,,,,,,,
Whanganui,Asian,55-59,94,64,121,777,529,,,,,,,,,,,,,,,
Whanganui,Asian,60-64,64,43,82,780,524,,,,,,,,,,,,,,,
Whanganui,Asian,65+,115,78,143,804,545,,,,,,,,,,,,,,,
Whanganui,European or Other,12-15,495,0,"1,934",256,0,,,,,,,,,,,,,,,
Whanganui,European or Other,16-19,633,157,"1,871",338,84,,,,,,,,,,,,,,,
Whanganui,European or Other,20-24,589,276,"2,068",285,133,,,,,,,,,,,,,,,
Whanganui,European or Other,25-29,707,368,"2,361",299,156,,,,,,,,,,,,,,,
Whanganui,European or Other,30-34,910,348,"2,431",374,143,,,,,,,,,,,,,,,
Whanganui,European or Other,35-39,916,359,"2,210",414,162,,,,,,,,,,,,,,,
Whanganui,European or Other,40-44,975,411,"2,266",430,181,,,,,,,,,,,,,,,
Whanganui,European or Other,45-49,"1,379",686,"2,815",490,244,,,,,,,,,,,,,,,
Whanganui,European or Other,50-54,"1,905",922,"3,172",601,291,,,,,,,,,,,,,,,
Whanganui,European or Other,55-59,"2,494","1,320","3,675",679,359,,,,,,,,,,,,,,,
Whanganui,European or Other,60-64,"2,795","1,890","3,685",758,513,,,,,,,,,,,,,,,
Whanganui,European or Other,65+,"10,130","8,600","11,794",859,729,,,,,,,,,,,,,,,
Whanganui,Maori,12-15,214,0,"1,383",155,0,,,,,,,,,,,,,,,
Whanganui,Maori,16-19,270,70,"1,220",221,57,,,,,,,,,,,,,,,
Whanganui,Maori,20-24,217,68,"1,380",157,49,,,,,,,,,,,,,,,
Whanganui,Maori,25-29,219,116,"1,304",168,89,,,,,,,,,,,,,,,
Whanganui,Maori,30-34,289,116,"1,202",240,97,,,,,,,,,,,,,,,
Whanganui,Maori,35-39,254,98,952,267,103,,,,,,,,,,,,,,,
Whanganui,Maori,40-44,291,126,928,314,136,,,,,,,,,,,,,,,
Whanganui,Maori,45-49,395,177,979,403,181,,,,,,,,,,,,,,,
Whanganui,Maori,50-54,550,306,990,556,309,,,,,,,,,,,,,,,
Whanganui,Maori,55-59,571,340,982,581,346,,,,,,,,,,,,,,,
Whanganui,Maori,60-64,529,363,743,712,489,,,,,,,,,,,,,,,
Whanganui,Maori,65+,"1,174",948,"1,449",810,654,,,,,,,,,,,,,,,
Whanganui,Pacific Peoples,12-15,39,0,131,298,0,,,,,,,,,,,,,,,
Whanganui,Pacific Peoples,16-19,41,0,116,353,0,,,,,,,,,,,,,,,
Whanganui,Pacific Peoples,20-24,46,15,144,319,104,,,,,,,,,,,,,,,
Whanganui,Pacific Peoples,25-29,55,23,159,346,145,,,,,,,,,,,,,,,
Whanganui,Pacific Peoples,30-34,44,15,151,291,99,,,,,,,,,,,,,,,
Whanganui,Pacific Peoples,35-39,52,22,122,426,180,,,,,,,,,,,,,,,
Whanganui,Pacific Peoples,40-44,47,22,116,405,190,,,,,,,,,,,,,,,
Whanganui,Pacific Peoples,45-49,57,20,94,606,213,,,,,,,,,,,,,,,
Whanganui,Pacific Peoples,50-54,43,27,94,457,287,,,,,,,,,,,,,,,
Whanganui,Pacific Peoples,55-59,57,28,85,671,329,,,,,,,,,,,,,,,
Whanganui,Pacific Peoples,60-64,47,31,63,746,492,,,,,,,,,,,,,,,
Whanganui,Pacific Peoples,65+,80,65,106,755,613,,,,,,,,,,,,,,,
Whanganui,Unknown,25-29,16,13,14,"1,143",929,,,,,,,,,,,,,,,
Whanganui,Unknown,30-34,9,6,7,"1,286",857,,,,,,,,,,,,,,,
Whanganui,Unknown,35-39,18,10,21,857,476,,,,,,,,,,,,,,,
Whanganui,Unknown,40-44,15,10,12,"1,250",833,,,,,,,,,,,,,,,
Whanganui,Unknown,45-49,13,10,16,812,625,,,,,,,,,,,,,,,
Whanganui,Unknown,50-54,14,10,20,700,500,,,,,,,,,,,,,,,
Whanganui,Unknown,55-59,9,6,15,600,400,,,,,,,,,,,,,,,
Whanganui,Unknown,60-64,21,13,22,955,591,,,,,,,,,,,,,,,
Whanganui,Unknown,65+,44,35,41,"1,073",854,,,,,,,,,,,,,,,
