Admissions for COVID-19 in the week ending,Variable,Hospitalisations,ICU,Variable Label
2020-03-01,60 to 69,1,0,Age band
2020-03-08,70+,1,0,Age band
2020-03-15,30 to 39,2,0,Age band
2020-03-22,40 to 49,2,0,Age band
2020-03-22,50 to 59,1,0,Age band
2020-03-22,60 to 69,3,0,Age band
2020-03-22,70+,2,1,Age band
2020-03-29,10 to 19,1,0,Age band
2020-03-29,30 to 39,2,0,Age band
2020-03-29,40 to 49,5,0,Age band
2020-03-29,50 to 59,6,0,Age band
2020-03-29,60 to 69,3,0,Age band
2020-03-29,70+,6,1,Age band
2020-04-05,20 to 29,1,0,Age band
2020-04-05,30 to 39,3,0,Age band
2020-04-05,40 to 49,3,1,Age band
2020-04-05,50 to 59,6,1,Age band
2020-04-05,60 to 69,3,1,Age band
2020-04-05,70+,1,0,Age band
2020-04-12,20 to 29,1,0,Age band
2020-04-12,40 to 49,1,0,Age band
2020-04-12,50 to 59,2,0,Age band
2020-04-12,60 to 69,3,0,Age band
2020-04-12,70+,3,0,Age band
2020-04-19,40 to 49,1,0,Age band
2020-04-19,60 to 69,2,0,Age band
2020-04-19,70+,7,0,Age band
2020-04-26,70+,1,0,Age band
2020-05-10,20 to 29,1,1,Age band
2020-05-24,50 to 59,1,0,Age band
2020-06-28,30 to 39,1,0,Age band
2020-07-05,0 to 9,1,1,Age band
2020-07-19,60 to 69,1,0,Age band
2020-08-16,40 to 49,1,0,Age band
2020-08-16,50 to 59,3,1,Age band
2020-08-16,70+,2,0,Age band
2020-08-23,10 to 19,1,1,Age band
2020-08-23,30 to 39,3,1,Age band
2020-08-23,40 to 49,1,1,Age band
2020-08-23,50 to 59,3,1,Age band
2020-08-30,30 to 39,2,0,Age band
2020-08-30,50 to 59,1,0,Age band
2020-09-06,40 to 49,1,1,Age band
2020-09-13,50 to 59,2,0,Age band
2021-01-03,70+,1,0,Age band
2021-01-24,30 to 39,1,0,Age band
2021-01-24,40 to 49,1,0,Age band
2021-02-07,50 to 59,1,0,Age band
2021-03-07,50 to 59,1,0,Age band
2021-04-11,60 to 69,1,0,Age band
2021-04-25,70+,1,0,Age band
2021-06-13,40 to 49,1,0,Age band
2021-06-27,50 to 59,1,0,Age band
2021-06-27,60 to 69,1,0,Age band
2021-08-01,40 to 49,1,0,Age band
2021-08-08,40 to 49,2,0,Age band
2021-08-15,30 to 39,1,0,Age band
2021-08-22,10 to 19,2,0,Age band
2021-08-22,20 to 29,1,0,Age band
2021-08-22,40 to 49,1,0,Age band
2021-08-22,50 to 59,3,0,Age band
2021-08-22,70+,1,0,Age band
2021-08-29,0 to 9,1,0,Age band
2021-08-29,10 to 19,2,0,Age band
2021-08-29,20 to 29,5,0,Age band
2021-08-29,30 to 39,7,1,Age band
2021-08-29,40 to 49,5,2,Age band
2021-08-29,50 to 59,6,4,Age band
2021-08-29,60 to 69,5,2,Age band
2021-08-29,70+,6,0,Age band
2021-09-05,20 to 29,3,0,Age band
2021-09-05,30 to 39,4,3,Age band
2021-09-05,40 to 49,9,1,Age band
2021-09-05,50 to 59,9,2,Age band
2021-09-05,60 to 69,1,1,Age band
2021-09-05,70+,2,0,Age band
2021-09-12,20 to 29,3,0,Age band
2021-09-12,30 to 39,3,1,Age band
2021-09-12,40 to 49,2,0,Age band
2021-09-12,50 to 59,1,0,Age band
2021-09-12,60 to 69,1,0,Age band
2021-09-12,70+,1,0,Age band
2021-09-19,10 to 19,1,0,Age band
2021-09-19,30 to 39,2,1,Age band
2021-09-19,40 to 49,2,0,Age band
2021-09-19,70+,4,0,Age band
2021-09-26,0 to 9,1,0,Age band
2021-09-26,20 to 29,2,0,Age band
2021-09-26,30 to 39,2,1,Age band
2021-09-26,40 to 49,3,0,Age band
2021-09-26,50 to 59,3,1,Age band
2021-09-26,60 to 69,2,0,Age band
2021-10-03,0 to 9,1,0,Age band
2021-10-03,10 to 19,2,0,Age band
2021-10-03,20 to 29,2,1,Age band
2021-10-03,30 to 39,3,0,Age band
2021-10-03,40 to 49,8,1,Age band
2021-10-03,50 to 59,7,1,Age band
2021-10-03,60 to 69,2,2,Age band
2021-10-03,70+,1,0,Age band
2021-10-10,0 to 9,1,0,Age band
2021-10-10,20 to 29,3,0,Age band
2021-10-10,30 to 39,2,0,Age band
2021-10-10,40 to 49,5,0,Age band
2021-10-10,50 to 59,13,1,Age band
2021-10-10,60 to 69,1,1,Age band
2021-10-17,0 to 9,3,1,Age band
2021-10-17,10 to 19,1,0,Age band
2021-10-17,20 to 29,5,0,Age band
2021-10-17,30 to 39,14,1,Age band
2021-10-17,40 to 49,5,0,Age band
2021-10-17,50 to 59,5,0,Age band
2021-10-17,60 to 69,3,0,Age band
2021-10-17,70+,1,0,Age band
2021-10-24,0 to 9,1,0,Age band
2021-10-24,10 to 19,2,0,Age band
2021-10-24,20 to 29,10,0,Age band
2021-10-24,30 to 39,30,2,Age band
2021-10-24,40 to 49,10,0,Age band
2021-10-24,50 to 59,5,0,Age band
2021-10-24,60 to 69,7,0,Age band
2021-10-24,70+,2,0,Age band
2021-10-31,0 to 9,4,0,Age band
2021-10-31,10 to 19,2,0,Age band
2021-10-31,20 to 29,13,0,Age band
2021-10-31,30 to 39,13,0,Age band
2021-10-31,40 to 49,13,0,Age band
2021-10-31,50 to 59,13,0,Age band
2021-10-31,60 to 69,4,0,Age band
2021-10-31,70+,6,0,Age band
2021-11-07,0 to 9,3,0,Age band
2021-11-07,10 to 19,1,0,Age band
2021-11-07,20 to 29,16,1,Age band
2021-11-07,30 to 39,12,0,Age band
2021-11-07,40 to 49,17,2,Age band
2021-11-07,50 to 59,17,2,Age band
2021-11-07,60 to 69,17,2,Age band
2021-11-07,70+,3,0,Age band
2021-11-14,0 to 9,7,0,Age band
2021-11-14,10 to 19,2,0,Age band
2021-11-14,20 to 29,18,0,Age band
2021-11-14,30 to 39,20,0,Age band
2021-11-14,40 to 49,10,0,Age band
2021-11-14,50 to 59,17,2,Age band
2021-11-14,60 to 69,7,0,Age band
2021-11-14,70+,7,0,Age band
2021-11-21,0 to 9,10,0,Age band
2021-11-21,10 to 19,5,0,Age band
2021-11-21,20 to 29,15,0,Age band
2021-11-21,30 to 39,16,2,Age band
2021-11-21,40 to 49,15,1,Age band
2021-11-21,50 to 59,11,1,Age band
2021-11-21,60 to 69,8,0,Age band
2021-11-21,70+,6,0,Age band
2021-11-28,0 to 9,12,0,Age band
2021-11-28,10 to 19,7,0,Age band
2021-11-28,20 to 29,16,1,Age band
2021-11-28,30 to 39,18,0,Age band
2021-11-28,40 to 49,13,1,Age band
2021-11-28,50 to 59,15,3,Age band
2021-11-28,60 to 69,8,2,Age band
2021-11-28,70+,5,0,Age band
2021-12-05,0 to 9,4,1,Age band
2021-12-05,10 to 19,3,0,Age band
2021-12-05,20 to 29,11,0,Age band
2021-12-05,30 to 39,10,0,Age band
2021-12-05,40 to 49,10,0,Age band
2021-12-05,50 to 59,6,0,Age band
2021-12-05,60 to 69,6,1,Age band
2021-12-05,70+,5,0,Age band
2021-12-12,0 to 9,3,1,Age band
2021-12-12,10 to 19,3,0,Age band
2021-12-12,20 to 29,6,0,Age band
2021-12-12,30 to 39,4,0,Age band
2021-12-12,40 to 49,4,1,Age band
2021-12-12,50 to 59,7,2,Age band
2021-12-12,60 to 69,4,0,Age band
2021-12-12,70+,4,0,Age band
2021-12-19,0 to 9,3,0,Age band
2021-12-19,10 to 19,2,0,Age band
2021-12-19,20 to 29,6,0,Age band
2021-12-19,30 to 39,9,0,Age band
2021-12-19,40 to 49,7,0,Age band
2021-12-19,50 to 59,3,0,Age band
2021-12-19,60 to 69,3,0,Age band
2021-12-19,70+,5,0,Age band
2021-12-26,0 to 9,5,0,Age band
2021-12-26,10 to 19,1,0,Age band
2021-12-26,20 to 29,5,0,Age band
2021-12-26,30 to 39,4,2,Age band
2021-12-26,40 to 49,2,0,Age band
2021-12-26,50 to 59,5,1,Age band
2021-12-26,60 to 69,8,0,Age band
2021-12-26,70+,2,0,Age band
2022-01-02,20 to 29,2,0,Age band
2022-01-02,30 to 39,2,0,Age band
2022-01-02,40 to 49,3,0,Age band
2022-01-02,50 to 59,2,0,Age band
2022-01-02,60 to 69,1,0,Age band
2022-01-02,70+,5,1,Age band
2022-01-09,0 to 9,3,0,Age band
2022-01-09,10 to 19,1,0,Age band
2022-01-09,30 to 39,2,0,Age band
2022-01-09,40 to 49,4,0,Age band
2022-01-09,50 to 59,2,0,Age band
2022-01-09,60 to 69,1,0,Age band
2022-01-09,70+,1,0,Age band
2022-01-16,0 to 9,2,1,Age band
2022-01-16,10 to 19,1,0,Age band
2022-01-16,20 to 29,1,0,Age band
2022-01-16,30 to 39,3,0,Age band
2022-01-16,40 to 49,3,0,Age band
2022-01-16,50 to 59,2,0,Age band
2022-01-16,60 to 69,3,0,Age band
2022-01-16,70+,4,0,Age band
2022-01-23,20 to 29,2,0,Age band
2022-01-23,40 to 49,1,0,Age band
2022-01-23,50 to 59,1,1,Age band
2022-01-23,60 to 69,2,1,Age band
2022-01-23,70+,5,0,Age band
2022-01-30,0 to 9,2,1,Age band
2022-01-30,30 to 39,3,0,Age band
2022-01-30,40 to 49,3,1,Age band
2022-01-30,50 to 59,2,0,Age band
2022-01-30,70+,5,0,Age band
2022-02-06,0 to 9,4,0,Age band
2022-02-06,10 to 19,3,0,Age band
2022-02-06,20 to 29,3,0,Age band
2022-02-06,30 to 39,3,0,Age band
2022-02-06,40 to 49,2,0,Age band
2022-02-06,50 to 59,6,2,Age band
2022-02-06,60 to 69,5,0,Age band
2022-02-06,70+,15,1,Age band
2022-02-13,0 to 9,16,0,Age band
2022-02-13,10 to 19,3,0,Age band
2022-02-13,20 to 29,12,0,Age band
2022-02-13,30 to 39,11,1,Age band
2022-02-13,40 to 49,7,0,Age band
2022-02-13,50 to 59,8,0,Age band
2022-02-13,60 to 69,6,0,Age band
2022-02-13,70+,26,0,Age band
2022-02-20,0 to 9,47,0,Age band
2022-02-20,10 to 19,31,0,Age band
2022-02-20,20 to 29,26,0,Age band
2022-02-20,30 to 39,24,1,Age band
2022-02-20,40 to 49,24,3,Age band
2022-02-20,50 to 59,23,1,Age band
2022-02-20,60 to 69,20,3,Age band
2022-02-20,70+,48,1,Age band
2022-02-27,0 to 9,114,0,Age band
2022-02-27,10 to 19,57,1,Age band
2022-02-27,20 to 29,84,0,Age band
2022-02-27,30 to 39,80,0,Age band
2022-02-27,40 to 49,54,2,Age band
2022-02-27,50 to 59,67,3,Age band
2022-02-27,60 to 69,58,1,Age band
2022-02-27,70+,115,3,Age band
2022-03-06,0 to 9,142,2,Age band
2022-03-06,10 to 19,69,1,Age band
2022-03-06,20 to 29,117,1,Age band
2022-03-06,30 to 39,110,3,Age band
2022-03-06,40 to 49,75,2,Age band
2022-03-06,50 to 59,123,5,Age band
2022-03-06,60 to 69,95,2,Age band
2022-03-06,70+,191,1,Age band
2022-03-13,0 to 9,163,2,Age band
2022-03-13,10 to 19,68,1,Age band
2022-03-13,20 to 29,99,0,Age band
2022-03-13,30 to 39,121,1,Age band
2022-03-13,40 to 49,133,2,Age band
2022-03-13,50 to 59,149,5,Age band
2022-03-13,60 to 69,135,5,Age band
2022-03-13,70+,241,3,Age band
2022-03-20,0 to 9,163,3,Age band
2022-03-20,10 to 19,54,0,Age band
2022-03-20,20 to 29,86,0,Age band
2022-03-20,30 to 39,109,2,Age band
2022-03-20,40 to 49,107,4,Age band
2022-03-20,50 to 59,108,3,Age band
2022-03-20,60 to 69,107,11,Age band
2022-03-20,70+,211,5,Age band
2022-03-27,0 to 9,143,0,Age band
2022-03-27,10 to 19,44,2,Age band
2022-03-27,20 to 29,57,1,Age band
2022-03-27,30 to 39,83,1,Age band
2022-03-27,40 to 49,70,4,Age band
2022-03-27,50 to 59,107,8,Age band
2022-03-27,60 to 69,94,4,Age band
2022-03-27,70+,197,3,Age band
2022-04-03,0 to 9,124,2,Age band
2022-04-03,10 to 19,46,0,Age band
2022-04-03,20 to 29,46,0,Age band
2022-04-03,30 to 39,64,4,Age band
2022-04-03,40 to 49,67,2,Age band
2022-04-03,50 to 59,83,4,Age band
2022-04-03,60 to 69,94,7,Age band
2022-04-03,70+,180,3,Age band
2022-04-10,0 to 9,87,1,Age band
2022-04-10,10 to 19,20,0,Age band
2022-04-10,20 to 29,41,0,Age band
2022-04-10,30 to 39,54,3,Age band
2022-04-10,40 to 49,62,2,Age band
2022-04-10,50 to 59,72,5,Age band
2022-04-10,60 to 69,80,4,Age band
2022-04-10,70+,133,6,Age band
2022-04-17,0 to 9,72,0,Age band
2022-04-17,10 to 19,17,0,Age band
2022-04-17,20 to 29,22,1,Age band
2022-04-17,30 to 39,39,0,Age band
2022-04-17,40 to 49,51,1,Age band
2022-04-17,50 to 59,38,3,Age band
2022-04-17,60 to 69,59,1,Age band
2022-04-17,70+,162,3,Age band
2022-04-24,0 to 9,65,1,Age band
2022-04-24,10 to 19,20,0,Age band
2022-04-24,20 to 29,34,0,Age band
2022-04-24,30 to 39,45,2,Age band
2022-04-24,40 to 49,40,1,Age band
2022-04-24,50 to 59,54,0,Age band
2022-04-24,60 to 69,53,1,Age band
2022-04-24,70+,183,0,Age band
2022-05-01,0 to 9,51,1,Age band
2022-05-01,10 to 19,16,0,Age band
2022-05-01,20 to 29,27,0,Age band
2022-05-01,30 to 39,31,1,Age band
2022-05-01,40 to 49,39,3,Age band
2022-05-01,50 to 59,49,1,Age band
2022-05-01,60 to 69,66,4,Age band
2022-05-01,70+,170,6,Age band
2022-05-08,0 to 9,53,0,Age band
2022-05-08,10 to 19,19,2,Age band
2022-05-08,20 to 29,38,0,Age band
2022-05-08,30 to 39,28,0,Age band
2022-05-08,40 to 49,36,0,Age band
2022-05-08,50 to 59,38,2,Age band
2022-05-08,60 to 69,57,1,Age band
2022-05-08,70+,160,4,Age band
2022-05-15,0 to 9,49,1,Age band
2022-05-15,10 to 19,26,1,Age band
2022-05-15,20 to 29,45,0,Age band
2022-05-15,30 to 39,31,0,Age band
2022-05-15,40 to 49,34,0,Age band
2022-05-15,50 to 59,52,1,Age band
2022-05-15,60 to 69,55,5,Age band
2022-05-15,70+,183,5,Age band
2022-05-22,0 to 9,38,0,Age band
2022-05-22,10 to 19,17,0,Age band
2022-05-22,20 to 29,27,1,Age band
2022-05-22,30 to 39,45,1,Age band
2022-05-22,40 to 49,56,1,Age band
2022-05-22,50 to 59,54,0,Age band
2022-05-22,60 to 69,60,2,Age band
2022-05-22,70+,200,5,Age band
2022-05-29,0 to 9,38,2,Age band
2022-05-29,10 to 19,16,0,Age band
2022-05-29,20 to 29,22,0,Age band
2022-05-29,30 to 39,30,1,Age band
2022-05-29,40 to 49,33,0,Age band
2022-05-29,50 to 59,41,1,Age band
2022-05-29,60 to 69,57,1,Age band
2022-05-29,70+,191,1,Age band
2022-06-05,0 to 9,40,2,Age band
2022-06-05,10 to 19,18,0,Age band
2022-06-05,20 to 29,26,0,Age band
2022-06-05,30 to 39,31,0,Age band
2022-06-05,40 to 49,32,2,Age band
2022-06-05,50 to 59,51,2,Age band
2022-06-05,60 to 69,74,2,Age band
2022-06-05,70+,206,5,Age band
2022-06-12,0 to 9,29,2,Age band
2022-06-12,10 to 19,12,0,Age band
2022-06-12,20 to 29,26,0,Age band
2022-06-12,30 to 39,28,0,Age band
2022-06-12,40 to 49,31,2,Age band
2022-06-12,50 to 59,44,2,Age band
2022-06-12,60 to 69,57,2,Age band
2022-06-12,70+,177,5,Age band
2022-06-19,0 to 9,37,1,Age band
2022-06-19,10 to 19,10,0,Age band
2022-06-19,20 to 29,25,0,Age band
2022-06-19,30 to 39,19,0,Age band
2022-06-19,40 to 49,21,2,Age band
2022-06-19,50 to 59,43,0,Age band
2022-06-19,60 to 69,63,2,Age band
2022-06-19,70+,187,3,Age band
2022-06-26,0 to 9,50,0,Age band
2022-06-26,10 to 19,11,0,Age band
2022-06-26,20 to 29,13,1,Age band
2022-06-26,30 to 39,19,0,Age band
2022-06-26,40 to 49,37,0,Age band
2022-06-26,50 to 59,50,2,Age band
2022-06-26,60 to 69,65,2,Age band
2022-06-26,70+,219,8,Age band
2022-07-03,0 to 9,52,0,Age band
2022-07-03,10 to 19,8,0,Age band
2022-07-03,20 to 29,28,0,Age band
2022-07-03,30 to 39,34,0,Age band
2022-07-03,40 to 49,31,3,Age band
2022-07-03,50 to 59,54,2,Age band
2022-07-03,60 to 69,79,1,Age band
2022-07-03,70+,311,6,Age band
2022-07-10,0 to 9,62,1,Age band
2022-07-10,10 to 19,16,0,Age band
2022-07-10,20 to 29,29,0,Age band
2022-07-10,30 to 39,48,0,Age band
2022-07-10,40 to 49,38,2,Age band
2022-07-10,50 to 59,71,3,Age band
2022-07-10,60 to 69,89,7,Age band
2022-07-10,70+,378,9,Age band
2022-07-17,0 to 9,86,0,Age band
2022-07-17,10 to 19,16,2,Age band
2022-07-17,20 to 29,40,0,Age band
2022-07-17,30 to 39,35,0,Age band
2022-07-17,40 to 49,49,1,Age band
2022-07-17,50 to 59,62,3,Age band
2022-07-17,60 to 69,112,3,Age band
2022-07-17,70+,454,11,Age band
2022-07-24,0 to 9,62,2,Age band
2022-07-24,10 to 19,9,0,Age band
2022-07-24,20 to 29,47,0,Age band
2022-07-24,30 to 39,38,0,Age band
2022-07-24,40 to 49,41,3,Age band
2022-07-24,50 to 59,74,3,Age band
2022-07-24,60 to 69,128,5,Age band
2022-07-24,70+,461,7,Age band
2022-07-31,0 to 9,68,0,Age band
2022-07-31,10 to 19,12,0,Age band
2022-07-31,20 to 29,33,1,Age band
2022-07-31,30 to 39,40,0,Age band
2022-07-31,40 to 49,61,7,Age band
2022-07-31,50 to 59,57,0,Age band
2022-07-31,60 to 69,127,8,Age band
2022-07-31,70+,363,4,Age band
2022-08-07,0 to 9,48,1,Age band
2022-08-07,10 to 19,11,0,Age band
2022-08-07,20 to 29,31,0,Age band
2022-08-07,30 to 39,27,1,Age band
2022-08-07,40 to 49,35,0,Age band
2022-08-07,50 to 59,61,3,Age band
2022-08-07,60 to 69,87,6,Age band
2022-08-07,70+,319,9,Age band
2022-08-14,0 to 9,50,0,Age band
2022-08-14,10 to 19,4,0,Age band
2022-08-14,20 to 29,28,0,Age band
2022-08-14,30 to 39,22,0,Age band
2022-08-14,40 to 49,30,2,Age band
2022-08-14,50 to 59,45,2,Age band
2022-08-14,60 to 69,68,3,Age band
2022-08-14,70+,229,4,Age band
2022-08-21,0 to 9,33,0,Age band
2022-08-21,10 to 19,13,0,Age band
2022-08-21,20 to 29,24,0,Age band
2022-08-21,30 to 39,20,1,Age band
2022-08-21,40 to 49,21,1,Age band
2022-08-21,50 to 59,35,1,Age band
2022-08-21,60 to 69,57,0,Age band
2022-08-21,70+,191,3,Age band
2022-08-28,0 to 9,35,0,Age band
2022-08-28,10 to 19,7,0,Age band
2022-08-28,20 to 29,15,0,Age band
2022-08-28,30 to 39,17,0,Age band
2022-08-28,40 to 49,18,0,Age band
2022-08-28,50 to 59,22,0,Age band
2022-08-28,60 to 69,52,1,Age band
2022-08-28,70+,131,0,Age band
2022-09-04,0 to 9,25,0,Age band
2022-09-04,10 to 19,5,0,Age band
2022-09-04,20 to 29,13,0,Age band
2022-09-04,30 to 39,15,0,Age band
2022-09-04,40 to 49,17,0,Age band
2022-09-04,50 to 59,28,3,Age band
2022-09-04,60 to 69,35,3,Age band
2022-09-04,70+,107,2,Age band
2022-09-11,0 to 9,18,0,Age band
2022-09-11,10 to 19,2,0,Age band
2022-09-11,20 to 29,4,0,Age band
2022-09-11,30 to 39,11,0,Age band
2022-09-11,40 to 49,7,0,Age band
2022-09-11,50 to 59,20,0,Age band
2022-09-11,60 to 69,30,1,Age band
2022-09-11,70+,107,5,Age band
2022-09-18,0 to 9,12,0,Age band
2022-09-18,10 to 19,5,0,Age band
2022-09-18,20 to 29,9,0,Age band
2022-09-18,30 to 39,12,0,Age band
2022-09-18,40 to 49,9,0,Age band
2022-09-18,50 to 59,18,0,Age band
2022-09-18,60 to 69,23,0,Age band
2022-09-18,70+,75,5,Age band
2022-09-25,0 to 9,23,0,Age band
2022-09-25,10 to 19,8,1,Age band
2022-09-25,20 to 29,8,0,Age band
2022-09-25,30 to 39,10,0,Age band
2022-09-25,40 to 49,17,0,Age band
2022-09-25,50 to 59,24,1,Age band
2022-09-25,60 to 69,28,3,Age band
2022-09-25,70+,76,2,Age band
2022-10-02,0 to 9,14,0,Age band
2022-10-02,10 to 19,3,0,Age band
2022-10-02,20 to 29,12,1,Age band
2022-10-02,30 to 39,13,1,Age band
2022-10-02,40 to 49,13,0,Age band
2022-10-02,50 to 59,10,2,Age band
2022-10-02,60 to 69,17,1,Age band
2022-10-02,70+,69,1,Age band
2022-10-09,0 to 9,23,0,Age band
2022-10-09,10 to 19,1,0,Age band
2022-10-09,20 to 29,17,0,Age band
2022-10-09,30 to 39,11,0,Age band
2022-10-09,40 to 49,15,0,Age band
2022-10-09,50 to 59,22,0,Age band
2022-10-09,60 to 69,25,0,Age band
2022-10-09,70+,91,2,Age band
2022-10-16,0 to 9,24,1,Age band
2022-10-16,10 to 19,9,0,Age band
2022-10-16,20 to 29,17,0,Age band
2022-10-16,30 to 39,20,0,Age band
2022-10-16,40 to 49,20,1,Age band
2022-10-16,50 to 59,23,2,Age band
2022-10-16,60 to 69,44,1,Age band
2022-10-16,70+,134,1,Age band
2022-10-23,0 to 9,30,0,Age band
2022-10-23,10 to 19,9,0,Age band
2022-10-23,20 to 29,18,1,Age band
2022-10-23,30 to 39,17,0,Age band
2022-10-23,40 to 49,24,3,Age band
2022-10-23,50 to 59,31,3,Age band
2022-10-23,60 to 69,44,2,Age band
2022-10-23,70+,192,2,Age band
2022-10-30,0 to 9,27,0,Age band
2022-10-30,10 to 19,7,0,Age band
2022-10-30,20 to 29,19,0,Age band
2022-10-30,30 to 39,16,0,Age band
2022-10-30,40 to 49,27,2,Age band
2022-10-30,50 to 59,42,0,Age band
2022-10-30,60 to 69,50,3,Age band
2022-10-30,70+,165,2,Age band
2022-11-06,0 to 9,35,0,Age band
2022-11-06,10 to 19,9,0,Age band
2022-11-06,20 to 29,25,0,Age band
2022-11-06,30 to 39,16,0,Age band
2022-11-06,40 to 49,21,1,Age band
2022-11-06,50 to 59,54,1,Age band
2022-11-06,60 to 69,51,2,Age band
2022-11-06,70+,198,6,Age band
2022-11-13,0 to 9,43,0,Age band
2022-11-13,10 to 19,13,0,Age band
2022-11-13,20 to 29,22,0,Age band
2022-11-13,30 to 39,31,1,Age band
2022-11-13,40 to 49,24,1,Age band
2022-11-13,50 to 59,28,2,Age band
2022-11-13,60 to 69,50,2,Age band
2022-11-13,70+,180,5,Age band
2022-11-20,0 to 9,42,1,Age band
2022-11-20,10 to 19,10,0,Age band
2022-11-20,20 to 29,21,0,Age band
2022-11-20,30 to 39,27,2,Age band
2022-11-20,40 to 49,31,1,Age band
2022-11-20,50 to 59,48,2,Age band
2022-11-20,60 to 69,72,3,Age band
2022-11-20,70+,199,3,Age band
2022-11-27,0 to 9,43,0,Age band
2022-11-27,10 to 19,11,0,Age band
2022-11-27,20 to 29,24,1,Age band
2022-11-27,30 to 39,35,0,Age band
2022-11-27,40 to 49,20,0,Age band
2022-11-27,50 to 59,39,1,Age band
2022-11-27,60 to 69,73,3,Age band
2022-11-27,70+,205,9,Age band
2022-12-04,0 to 9,57,1,Age band
2022-12-04,10 to 19,18,0,Age band
2022-12-04,20 to 29,36,0,Age band
2022-12-04,30 to 39,54,0,Age band
2022-12-04,40 to 49,24,1,Age band
2022-12-04,50 to 59,56,3,Age band
2022-12-04,60 to 69,83,3,Age band
2022-12-04,70+,274,2,Age band
2022-12-11,0 to 9,62,1,Age band
2022-12-11,10 to 19,23,0,Age band
2022-12-11,20 to 29,38,1,Age band
2022-12-11,30 to 39,40,0,Age band
2022-12-11,40 to 49,31,2,Age band
2022-12-11,50 to 59,69,0,Age band
2022-12-11,60 to 69,88,2,Age band
2022-12-11,70+,326,5,Age band
2020-03-01,Asian,1,0,Ethnicity
2020-03-08,European or Other,1,0,Ethnicity
2020-03-15,European or Other,2,0,Ethnicity
2020-03-22,European or Other,8,1,Ethnicity
2020-03-29,Pacific Peoples,2,0,Ethnicity
2020-03-29,Asian,2,0,Ethnicity
2020-03-29,European or Other,19,1,Ethnicity
2020-04-05,Maori,5,0,Ethnicity
2020-04-05,Pacific Peoples,3,1,Ethnicity
2020-04-05,Asian,2,1,Ethnicity
2020-04-05,European or Other,7,1,Ethnicity
2020-04-12,Maori,1,0,Ethnicity
2020-04-12,Pacific Peoples,2,0,Ethnicity
2020-04-12,Asian,3,0,Ethnicity
2020-04-12,European or Other,4,0,Ethnicity
2020-04-19,Maori,1,0,Ethnicity
2020-04-19,Asian,1,0,Ethnicity
2020-04-19,European or Other,8,0,Ethnicity
2020-04-26,Pacific Peoples,1,0,Ethnicity
2020-05-10,Asian,1,1,Ethnicity
2020-05-24,Asian,1,0,Ethnicity
2020-06-28,Asian,1,0,Ethnicity
2020-07-05,Maori,1,1,Ethnicity
2020-07-19,Asian,1,0,Ethnicity
2020-08-16,Maori,2,1,Ethnicity
2020-08-16,Pacific Peoples,4,0,Ethnicity
2020-08-23,Maori,4,3,Ethnicity
2020-08-23,Pacific Peoples,4,1,Ethnicity
2020-08-30,Maori,2,0,Ethnicity
2020-08-30,Asian,1,0,Ethnicity
2020-09-06,Maori,1,1,Ethnicity
2020-09-13,Pacific Peoples,1,0,Ethnicity
2020-09-13,European or Other,1,0,Ethnicity
2021-01-03,European or Other,1,0,Ethnicity
2021-01-24,Asian,1,0,Ethnicity
2021-01-24,European or Other,1,0,Ethnicity
2021-02-07,MELAA,1,0,Ethnicity
2021-03-07,Asian,1,0,Ethnicity
2021-04-11,Asian,1,0,Ethnicity
2021-04-25,European or Other,1,0,Ethnicity
2021-06-13,Maori,1,0,Ethnicity
2021-06-27,Maori,2,0,Ethnicity
2021-08-01,Asian,1,0,Ethnicity
2021-08-08,European or Other,2,0,Ethnicity
2021-08-15,Asian,1,0,Ethnicity
2021-08-22,Pacific Peoples,8,0,Ethnicity
2021-08-29,Maori,2,0,Ethnicity
2021-08-29,Pacific Peoples,33,8,Ethnicity
2021-08-29,European or Other,2,1,Ethnicity
2021-09-05,Maori,4,2,Ethnicity
2021-09-05,Pacific Peoples,23,5,Ethnicity
2021-09-05,MELAA,1,0,Ethnicity
2021-09-12,Pacific Peoples,9,1,Ethnicity
2021-09-12,Asian,2,0,Ethnicity
2021-09-19,Maori,3,0,Ethnicity
2021-09-19,Pacific Peoples,6,1,Ethnicity
2021-09-26,Maori,6,0,Ethnicity
2021-09-26,Pacific Peoples,4,1,Ethnicity
2021-09-26,Asian,2,0,Ethnicity
2021-09-26,European or Other,1,1,Ethnicity
2021-10-03,Maori,10,1,Ethnicity
2021-10-03,Pacific Peoples,10,3,Ethnicity
2021-10-03,Asian,3,1,Ethnicity
2021-10-03,MELAA,1,0,Ethnicity
2021-10-03,European or Other,2,0,Ethnicity
2021-10-10,Maori,12,0,Ethnicity
2021-10-10,Pacific Peoples,3,1,Ethnicity
2021-10-10,Asian,2,1,Ethnicity
2021-10-10,European or Other,8,0,Ethnicity
2021-10-17,Maori,16,1,Ethnicity
2021-10-17,Pacific Peoples,9,1,Ethnicity
2021-10-17,European or Other,12,0,Ethnicity
2021-10-24,Maori,26,0,Ethnicity
2021-10-24,Pacific Peoples,16,2,Ethnicity
2021-10-24,Asian,3,0,Ethnicity
2021-10-24,European or Other,22,0,Ethnicity
2021-10-31,Maori,29,0,Ethnicity
2021-10-31,Pacific Peoples,16,0,Ethnicity
2021-10-31,Asian,3,0,Ethnicity
2021-10-31,MELAA,4,0,Ethnicity
2021-10-31,European or Other,16,0,Ethnicity
2021-11-07,Maori,32,3,Ethnicity
2021-11-07,Pacific Peoples,18,1,Ethnicity
2021-11-07,Asian,6,0,Ethnicity
2021-11-07,MELAA,1,0,Ethnicity
2021-11-07,European or Other,29,3,Ethnicity
2021-11-14,Maori,42,2,Ethnicity
2021-11-14,Pacific Peoples,22,0,Ethnicity
2021-11-14,Asian,5,0,Ethnicity
2021-11-14,MELAA,1,0,Ethnicity
2021-11-14,European or Other,18,0,Ethnicity
2021-11-21,Maori,40,3,Ethnicity
2021-11-21,Pacific Peoples,29,0,Ethnicity
2021-11-21,Asian,4,0,Ethnicity
2021-11-21,MELAA,1,0,Ethnicity
2021-11-21,European or Other,12,1,Ethnicity
2021-11-28,Maori,52,2,Ethnicity
2021-11-28,Pacific Peoples,25,2,Ethnicity
2021-11-28,Asian,4,1,Ethnicity
2021-11-28,European or Other,13,2,Ethnicity
2021-12-05,Maori,30,1,Ethnicity
2021-12-05,Pacific Peoples,16,1,Ethnicity
2021-12-05,Asian,2,0,Ethnicity
2021-12-05,European or Other,7,0,Ethnicity
2021-12-12,Maori,11,1,Ethnicity
2021-12-12,Pacific Peoples,15,2,Ethnicity
2021-12-12,Asian,2,0,Ethnicity
2021-12-12,MELAA,1,0,Ethnicity
2021-12-12,European or Other,6,1,Ethnicity
2021-12-19,Maori,10,0,Ethnicity
2021-12-19,Pacific Peoples,16,0,Ethnicity
2021-12-19,Asian,4,0,Ethnicity
2021-12-19,MELAA,1,0,Ethnicity
2021-12-19,European or Other,7,0,Ethnicity
2021-12-26,Maori,14,3,Ethnicity
2021-12-26,Pacific Peoples,11,0,Ethnicity
2021-12-26,European or Other,7,0,Ethnicity
2022-01-02,Maori,4,1,Ethnicity
2022-01-02,Pacific Peoples,3,0,Ethnicity
2022-01-02,Asian,3,0,Ethnicity
2022-01-02,MELAA,1,0,Ethnicity
2022-01-02,European or Other,4,0,Ethnicity
2022-01-09,Maori,3,0,Ethnicity
2022-01-09,Pacific Peoples,1,0,Ethnicity
2022-01-09,Asian,2,0,Ethnicity
2022-01-09,European or Other,8,0,Ethnicity
2022-01-16,Maori,4,0,Ethnicity
2022-01-16,Pacific Peoples,3,0,Ethnicity
2022-01-16,Asian,4,1,Ethnicity
2022-01-16,European or Other,8,0,Ethnicity
2022-01-23,Maori,3,1,Ethnicity
2022-01-23,Pacific Peoples,1,0,Ethnicity
2022-01-23,Asian,2,0,Ethnicity
2022-01-23,European or Other,5,1,Ethnicity
2022-01-30,Maori,3,1,Ethnicity
2022-01-30,Pacific Peoples,5,1,Ethnicity
2022-01-30,Asian,3,0,Ethnicity
2022-01-30,European or Other,4,0,Ethnicity
2022-02-06,Maori,4,1,Ethnicity
2022-02-06,Pacific Peoples,11,0,Ethnicity
2022-02-06,Asian,3,0,Ethnicity
2022-02-06,MELAA,1,0,Ethnicity
2022-02-06,European or Other,22,2,Ethnicity
2022-02-13,Maori,13,0,Ethnicity
2022-02-13,Pacific Peoples,42,1,Ethnicity
2022-02-13,Asian,8,0,Ethnicity
2022-02-13,MELAA,3,0,Ethnicity
2022-02-13,European or Other,23,0,Ethnicity
2022-02-20,Maori,34,0,Ethnicity
2022-02-20,Pacific Peoples,125,3,Ethnicity
2022-02-20,Asian,25,0,Ethnicity
2022-02-20,MELAA,9,1,Ethnicity
2022-02-20,European or Other,49,5,Ethnicity
2022-02-20,Unknown,1,0,Ethnicity
2022-02-27,Maori,126,0,Ethnicity
2022-02-27,Pacific Peoples,255,3,Ethnicity
2022-02-27,Asian,58,2,Ethnicity
2022-02-27,MELAA,17,0,Ethnicity
2022-02-27,European or Other,173,5,Ethnicity
2022-03-06,Maori,205,6,Ethnicity
2022-03-06,Pacific Peoples,282,7,Ethnicity
2022-03-06,Asian,100,2,Ethnicity
2022-03-06,MELAA,33,1,Ethnicity
2022-03-06,European or Other,300,1,Ethnicity
2022-03-06,Unknown,2,0,Ethnicity
2022-03-13,Maori,305,7,Ethnicity
2022-03-13,Pacific Peoples,244,4,Ethnicity
2022-03-13,Asian,102,2,Ethnicity
2022-03-13,MELAA,39,0,Ethnicity
2022-03-13,European or Other,418,6,Ethnicity
2022-03-13,Unknown,1,0,Ethnicity
2022-03-20,Maori,257,6,Ethnicity
2022-03-20,Pacific Peoples,155,10,Ethnicity
2022-03-20,Asian,92,3,Ethnicity
2022-03-20,MELAA,22,0,Ethnicity
2022-03-20,European or Other,416,9,Ethnicity
2022-03-20,Unknown,3,0,Ethnicity
2022-03-27,Maori,214,8,Ethnicity
2022-03-27,Pacific Peoples,98,4,Ethnicity
2022-03-27,Asian,66,1,Ethnicity
2022-03-27,MELAA,19,1,Ethnicity
2022-03-27,European or Other,397,9,Ethnicity
2022-03-27,Unknown,1,0,Ethnicity
2022-04-03,Maori,190,10,Ethnicity
2022-04-03,Pacific Peoples,81,1,Ethnicity
2022-04-03,Asian,56,1,Ethnicity
2022-04-03,MELAA,15,1,Ethnicity
2022-04-03,European or Other,361,9,Ethnicity
2022-04-03,Unknown,1,0,Ethnicity
2022-04-10,Maori,140,5,Ethnicity
2022-04-10,Pacific Peoples,46,1,Ethnicity
2022-04-10,Asian,49,3,Ethnicity
2022-04-10,MELAA,14,0,Ethnicity
2022-04-10,European or Other,297,11,Ethnicity
2022-04-10,Unknown,3,1,Ethnicity
2022-04-17,Maori,101,4,Ethnicity
2022-04-17,Pacific Peoples,31,2,Ethnicity
2022-04-17,Asian,40,0,Ethnicity
2022-04-17,MELAA,9,0,Ethnicity
2022-04-17,European or Other,278,3,Ethnicity
2022-04-17,Unknown,1,0,Ethnicity
2022-04-24,Maori,84,1,Ethnicity
2022-04-24,Pacific Peoples,56,0,Ethnicity
2022-04-24,Asian,40,2,Ethnicity
2022-04-24,MELAA,9,0,Ethnicity
2022-04-24,European or Other,305,2,Ethnicity
2022-05-01,Maori,71,4,Ethnicity
2022-05-01,Pacific Peoples,41,4,Ethnicity
2022-05-01,Asian,39,0,Ethnicity
2022-05-01,MELAA,6,0,Ethnicity
2022-05-01,European or Other,289,7,Ethnicity
2022-05-01,Unknown,3,1,Ethnicity
2022-05-08,Maori,68,1,Ethnicity
2022-05-08,Pacific Peoples,28,0,Ethnicity
2022-05-08,Asian,43,1,Ethnicity
2022-05-08,MELAA,7,0,Ethnicity
2022-05-08,European or Other,282,7,Ethnicity
2022-05-08,Unknown,1,0,Ethnicity
2022-05-15,Maori,73,2,Ethnicity
2022-05-15,Pacific Peoples,43,1,Ethnicity
2022-05-15,Asian,42,1,Ethnicity
2022-05-15,MELAA,7,0,Ethnicity
2022-05-15,European or Other,308,9,Ethnicity
2022-05-15,Unknown,2,0,Ethnicity
2022-05-22,Maori,58,1,Ethnicity
2022-05-22,Pacific Peoples,37,0,Ethnicity
2022-05-22,Asian,51,0,Ethnicity
2022-05-22,MELAA,7,0,Ethnicity
2022-05-22,European or Other,343,9,Ethnicity
2022-05-22,Unknown,1,0,Ethnicity
2022-05-29,Maori,49,2,Ethnicity
2022-05-29,Pacific Peoples,38,1,Ethnicity
2022-05-29,Asian,33,0,Ethnicity
2022-05-29,MELAA,4,0,Ethnicity
2022-05-29,European or Other,301,3,Ethnicity
2022-05-29,Unknown,3,0,Ethnicity
2022-06-05,Maori,64,1,Ethnicity
2022-06-05,Pacific Peoples,32,2,Ethnicity
2022-06-05,Asian,34,0,Ethnicity
2022-06-05,MELAA,9,0,Ethnicity
2022-06-05,European or Other,339,10,Ethnicity
2022-06-12,Maori,75,2,Ethnicity
2022-06-12,Pacific Peoples,35,3,Ethnicity
2022-06-12,Asian,33,1,Ethnicity
2022-06-12,MELAA,6,0,Ethnicity
2022-06-12,European or Other,255,7,Ethnicity
2022-06-19,Maori,63,3,Ethnicity
2022-06-19,Pacific Peoples,23,1,Ethnicity
2022-06-19,Asian,35,0,Ethnicity
2022-06-19,MELAA,5,0,Ethnicity
2022-06-19,European or Other,276,4,Ethnicity
2022-06-19,Unknown,3,0,Ethnicity
2022-06-26,Maori,53,1,Ethnicity
2022-06-26,Pacific Peoples,26,0,Ethnicity
2022-06-26,Asian,48,2,Ethnicity
2022-06-26,MELAA,4,0,Ethnicity
2022-06-26,European or Other,332,10,Ethnicity
2022-06-26,Unknown,1,0,Ethnicity
2022-07-03,Maori,66,1,Ethnicity
2022-07-03,Pacific Peoples,35,1,Ethnicity
2022-07-03,Asian,66,1,Ethnicity
2022-07-03,MELAA,7,0,Ethnicity
2022-07-03,European or Other,423,9,Ethnicity
2022-07-10,Maori,88,5,Ethnicity
2022-07-10,Pacific Peoples,31,1,Ethnicity
2022-07-10,Asian,68,2,Ethnicity
2022-07-10,MELAA,8,0,Ethnicity
2022-07-10,European or Other,536,14,Ethnicity
2022-07-17,Maori,81,3,Ethnicity
2022-07-17,Pacific Peoples,50,1,Ethnicity
2022-07-17,Asian,81,0,Ethnicity
2022-07-17,MELAA,7,0,Ethnicity
2022-07-17,European or Other,630,16,Ethnicity
2022-07-17,Unknown,5,0,Ethnicity
2022-07-24,Maori,105,4,Ethnicity
2022-07-24,Pacific Peoples,51,4,Ethnicity
2022-07-24,Asian,68,1,Ethnicity
2022-07-24,MELAA,5,0,Ethnicity
2022-07-24,European or Other,630,11,Ethnicity
2022-07-24,Unknown,1,0,Ethnicity
2022-07-31,Maori,90,3,Ethnicity
2022-07-31,Pacific Peoples,42,1,Ethnicity
2022-07-31,Asian,52,1,Ethnicity
2022-07-31,MELAA,13,1,Ethnicity
2022-07-31,European or Other,562,14,Ethnicity
2022-07-31,Unknown,2,0,Ethnicity
2022-08-07,Maori,90,5,Ethnicity
2022-08-07,Pacific Peoples,38,0,Ethnicity
2022-08-07,Asian,54,0,Ethnicity
2022-08-07,MELAA,11,1,Ethnicity
2022-08-07,European or Other,425,14,Ethnicity
2022-08-07,Unknown,1,0,Ethnicity
2022-08-14,Maori,59,2,Ethnicity
2022-08-14,Pacific Peoples,52,3,Ethnicity
2022-08-14,Asian,45,0,Ethnicity
2022-08-14,MELAA,11,0,Ethnicity
2022-08-14,European or Other,308,6,Ethnicity
2022-08-14,Unknown,1,0,Ethnicity
2022-08-21,Maori,42,2,Ethnicity
2022-08-21,Pacific Peoples,33,0,Ethnicity
2022-08-21,Asian,37,2,Ethnicity
2022-08-21,MELAA,4,0,Ethnicity
2022-08-21,European or Other,276,2,Ethnicity
2022-08-21,Unknown,2,0,Ethnicity
2022-08-28,Maori,48,0,Ethnicity
2022-08-28,Pacific Peoples,14,0,Ethnicity
2022-08-28,Asian,31,0,Ethnicity
2022-08-28,MELAA,2,0,Ethnicity
2022-08-28,European or Other,201,1,Ethnicity
2022-08-28,Unknown,1,0,Ethnicity
2022-09-04,Maori,38,3,Ethnicity
2022-09-04,Pacific Peoples,12,1,Ethnicity
2022-09-04,Asian,34,0,Ethnicity
2022-09-04,MELAA,1,0,Ethnicity
2022-09-04,European or Other,159,4,Ethnicity
2022-09-04,Unknown,1,0,Ethnicity
2022-09-11,Maori,22,1,Ethnicity
2022-09-11,Pacific Peoples,19,0,Ethnicity
2022-09-11,Asian,24,0,Ethnicity
2022-09-11,MELAA,5,0,Ethnicity
2022-09-11,European or Other,129,5,Ethnicity
2022-09-18,Maori,17,0,Ethnicity
2022-09-18,Pacific Peoples,20,0,Ethnicity
2022-09-18,Asian,14,0,Ethnicity
2022-09-18,MELAA,1,0,Ethnicity
2022-09-18,European or Other,111,5,Ethnicity
2022-09-25,Maori,20,0,Ethnicity
2022-09-25,Pacific Peoples,23,0,Ethnicity
2022-09-25,Asian,32,1,Ethnicity
2022-09-25,MELAA,4,0,Ethnicity
2022-09-25,European or Other,115,6,Ethnicity
2022-10-02,Maori,18,3,Ethnicity
2022-10-02,Pacific Peoples,7,0,Ethnicity
2022-10-02,Asian,21,0,Ethnicity
2022-10-02,MELAA,1,0,Ethnicity
2022-10-02,European or Other,104,3,Ethnicity
2022-10-09,Maori,27,0,Ethnicity
2022-10-09,Pacific Peoples,16,1,Ethnicity
2022-10-09,Asian,35,0,Ethnicity
2022-10-09,MELAA,3,0,Ethnicity
2022-10-09,European or Other,124,1,Ethnicity
2022-10-16,Maori,24,1,Ethnicity
2022-10-16,Pacific Peoples,25,1,Ethnicity
2022-10-16,Asian,42,2,Ethnicity
2022-10-16,MELAA,6,0,Ethnicity
2022-10-16,European or Other,191,2,Ethnicity
2022-10-16,Unknown,3,0,Ethnicity
2022-10-23,Maori,41,1,Ethnicity
2022-10-23,Pacific Peoples,19,1,Ethnicity
2022-10-23,Asian,49,2,Ethnicity
2022-10-23,MELAA,11,0,Ethnicity
2022-10-23,European or Other,245,7,Ethnicity
2022-10-30,Maori,40,0,Ethnicity
2022-10-30,Pacific Peoples,27,2,Ethnicity
2022-10-30,Asian,44,0,Ethnicity
2022-10-30,MELAA,5,0,Ethnicity
2022-10-30,European or Other,236,5,Ethnicity
2022-10-30,Unknown,1,0,Ethnicity
2022-11-06,Maori,48,1,Ethnicity
2022-11-06,Pacific Peoples,29,1,Ethnicity
2022-11-06,Asian,49,2,Ethnicity
2022-11-06,MELAA,5,0,Ethnicity
2022-11-06,European or Other,278,6,Ethnicity
2022-11-13,Maori,46,1,Ethnicity
2022-11-13,Pacific Peoples,24,2,Ethnicity
2022-11-13,Asian,55,1,Ethnicity
2022-11-13,MELAA,9,0,Ethnicity
2022-11-13,European or Other,256,6,Ethnicity
2022-11-13,Unknown,1,1,Ethnicity
2022-11-20,Maori,46,0,Ethnicity
2022-11-20,Pacific Peoples,36,1,Ethnicity
2022-11-20,Asian,46,1,Ethnicity
2022-11-20,MELAA,6,0,Ethnicity
2022-11-20,European or Other,316,10,Ethnicity
2022-11-27,Maori,73,2,Ethnicity
2022-11-27,Pacific Peoples,41,0,Ethnicity
2022-11-27,Asian,62,0,Ethnicity
2022-11-27,MELAA,2,0,Ethnicity
2022-11-27,European or Other,272,12,Ethnicity
2022-12-04,Maori,73,3,Ethnicity
2022-12-04,Pacific Peoples,59,0,Ethnicity
2022-12-04,Asian,71,0,Ethnicity
2022-12-04,MELAA,15,0,Ethnicity
2022-12-04,European or Other,380,7,Ethnicity
2022-12-04,Unknown,4,0,Ethnicity
2022-12-11,Maori,87,2,Ethnicity
2022-12-11,Pacific Peoples,63,0,Ethnicity
2022-12-11,Asian,71,1,Ethnicity
2022-12-11,MELAA,11,0,Ethnicity
2022-12-11,European or Other,441,8,Ethnicity
2022-12-11,Unknown,4,0,Ethnicity
2020-03-01,Female,1,0,Sex
2020-03-08,Female,1,0,Sex
2020-03-15,Female,1,0,Sex
2020-03-15,Male,1,0,Sex
2020-03-22,Female,4,0,Sex
2020-03-22,Male,4,1,Sex
2020-03-29,Female,6,0,Sex
2020-03-29,Male,17,1,Sex
2020-04-05,Female,10,2,Sex
2020-04-05,Male,7,1,Sex
2020-04-12,Female,6,0,Sex
2020-04-12,Male,4,0,Sex
2020-04-19,Female,8,0,Sex
2020-04-19,Male,2,0,Sex
2020-04-26,Female,1,0,Sex
2020-05-10,Female,1,1,Sex
2020-05-24,Female,1,0,Sex
2020-06-28,Male,1,0,Sex
2020-07-05,Male,1,1,Sex
2020-07-19,Male,1,0,Sex
2020-08-16,Female,1,0,Sex
2020-08-16,Male,5,1,Sex
2020-08-23,Female,4,2,Sex
2020-08-23,Male,4,2,Sex
2020-08-30,Female,1,0,Sex
2020-08-30,Male,2,0,Sex
2020-09-06,Male,1,1,Sex
2020-09-13,Female,2,0,Sex
2021-01-03,Female,1,0,Sex
2021-01-24,Female,1,0,Sex
2021-01-24,Male,1,0,Sex
2021-02-07,Female,1,0,Sex
2021-03-07,Male,1,0,Sex
2021-04-11,Female,1,0,Sex
2021-04-25,Female,1,0,Sex
2021-06-13,Male,1,0,Sex
2021-06-27,Male,2,0,Sex
2021-08-01,Male,1,0,Sex
2021-08-08,Male,2,0,Sex
2021-08-15,Male,1,0,Sex
2021-08-22,Female,4,0,Sex
2021-08-22,Male,4,0,Sex
2021-08-29,Female,21,4,Sex
2021-08-29,Male,16,5,Sex
2021-09-05,Female,16,4,Sex
2021-09-05,Male,12,3,Sex
2021-09-12,Female,6,1,Sex
2021-09-12,Male,5,0,Sex
2021-09-19,Female,6,1,Sex
2021-09-19,Male,3,0,Sex
2021-09-26,Female,8,1,Sex
2021-09-26,Male,5,1,Sex
2021-10-03,Female,11,2,Sex
2021-10-03,Male,15,3,Sex
2021-10-10,Female,11,0,Sex
2021-10-10,Male,14,2,Sex
2021-10-17,Female,23,2,Sex
2021-10-17,Male,14,0,Sex
2021-10-24,Female,32,1,Sex
2021-10-24,Male,35,1,Sex
2021-10-31,Female,30,0,Sex
2021-10-31,Male,38,0,Sex
2021-11-07,Female,37,2,Sex
2021-11-07,Male,49,5,Sex
2021-11-14,Female,44,0,Sex
2021-11-14,Male,44,2,Sex
2021-11-21,Female,46,2,Sex
2021-11-21,Male,40,2,Sex
2021-11-28,Female,49,4,Sex
2021-11-28,Male,45,3,Sex
2021-12-05,Female,24,0,Sex
2021-12-05,Male,31,2,Sex
2021-12-12,Female,22,2,Sex
2021-12-12,Male,13,2,Sex
2021-12-19,Female,17,0,Sex
2021-12-19,Male,21,0,Sex
2021-12-26,Female,20,2,Sex
2021-12-26,Male,12,1,Sex
2022-01-02,Female,7,0,Sex
2022-01-02,Male,8,1,Sex
2022-01-09,Female,6,0,Sex
2022-01-09,Male,8,0,Sex
2022-01-16,Female,7,0,Sex
2022-01-16,Male,12,1,Sex
2022-01-23,Female,4,1,Sex
2022-01-23,Male,7,1,Sex
2022-01-30,Female,12,2,Sex
2022-01-30,Male,3,0,Sex
2022-02-06,Female,25,2,Sex
2022-02-06,Male,16,1,Sex
2022-02-13,Female,55,0,Sex
2022-02-13,Male,34,1,Sex
2022-02-20,Female,124,4,Sex
2022-02-20,Male,119,5,Sex
2022-02-27,Female,330,4,Sex
2022-02-27,Male,299,6,Sex
2022-03-06,Female,551,9,Sex
2022-03-06,Male,371,8,Sex
2022-03-13,Female,618,6,Sex
2022-03-13,Male,490,13,Sex
2022-03-13,Unknown,1,0,Sex
2022-03-20,Female,511,9,Sex
2022-03-20,Male,433,19,Sex
2022-03-20,Unknown,1,0,Sex
2022-03-27,Female,426,11,Sex
2022-03-27,Male,369,12,Sex
2022-04-03,Female,377,7,Sex
2022-04-03,Male,326,15,Sex
2022-04-03,Unknown,1,0,Sex
2022-04-10,Female,286,9,Sex
2022-04-10,Male,263,12,Sex
2022-04-17,Female,246,5,Sex
2022-04-17,Male,214,4,Sex
2022-04-24,Female,273,3,Sex
2022-04-24,Male,221,2,Sex
2022-05-01,Female,229,3,Sex
2022-05-01,Male,220,13,Sex
2022-05-08,Female,220,4,Sex
2022-05-08,Male,209,5,Sex
2022-05-15,Female,243,5,Sex
2022-05-15,Male,232,8,Sex
2022-05-22,Female,270,3,Sex
2022-05-22,Male,227,7,Sex
2022-05-29,Female,224,1,Sex
2022-05-29,Male,204,5,Sex
2022-06-05,Female,224,3,Sex
2022-06-05,Male,254,10,Sex
2022-06-12,Female,200,7,Sex
2022-06-12,Male,204,6,Sex
2022-06-19,Female,213,1,Sex
2022-06-19,Male,192,7,Sex
2022-06-26,Female,229,4,Sex
2022-06-26,Male,235,9,Sex
2022-07-03,Female,278,3,Sex
2022-07-03,Male,319,9,Sex
2022-07-10,Female,348,6,Sex
2022-07-10,Male,382,16,Sex
2022-07-10,Unknown,1,0,Sex
2022-07-17,Female,428,6,Sex
2022-07-17,Male,426,14,Sex
2022-07-24,Female,434,12,Sex
2022-07-24,Male,426,8,Sex
2022-07-31,Female,385,11,Sex
2022-07-31,Male,376,9,Sex
2022-08-07,Female,297,11,Sex
2022-08-07,Male,322,9,Sex
2022-08-14,Female,249,5,Sex
2022-08-14,Male,227,6,Sex
2022-08-21,Female,197,3,Sex
2022-08-21,Male,196,3,Sex
2022-08-21,Unknown,1,0,Sex
2022-08-28,Female,176,1,Sex
2022-08-28,Male,121,0,Sex
2022-09-04,Female,112,5,Sex
2022-09-04,Male,133,3,Sex
2022-09-11,Female,99,4,Sex
2022-09-11,Male,100,2,Sex
2022-09-18,Female,74,1,Sex
2022-09-18,Male,89,4,Sex
2022-09-25,Female,86,3,Sex
2022-09-25,Male,108,4,Sex
2022-10-02,Female,84,3,Sex
2022-10-02,Male,67,3,Sex
2022-10-09,Female,105,1,Sex
2022-10-09,Male,100,1,Sex
2022-10-16,Female,155,3,Sex
2022-10-16,Male,136,3,Sex
2022-10-23,Female,185,6,Sex
2022-10-23,Male,180,5,Sex
2022-10-30,Female,170,4,Sex
2022-10-30,Male,183,3,Sex
2022-11-06,Female,212,3,Sex
2022-11-06,Male,197,7,Sex
2022-11-13,Female,188,3,Sex
2022-11-13,Male,203,8,Sex
2022-11-20,Female,211,4,Sex
2022-11-20,Male,239,8,Sex
2022-11-27,Female,229,4,Sex
2022-11-27,Male,221,10,Sex
2022-12-04,Female,322,4,Sex
2022-12-04,Male,280,6,Sex
2022-12-11,Female,337,4,Sex
2022-12-11,Male,339,7,Sex
2022-12-11,Unknown,1,0,Sex
2021-09-26,No doses received prior to being reported as a case,1,NA,Vaccination status
2021-09-26,Under 12 years old,1,NA,Vaccination status
2021-10-03,No doses received prior to being reported as a case,18,NA,Vaccination status
2021-10-03,Partially vaccinated,5,NA,Vaccination status
2021-10-03,Fully vaccinated at least 7 days before reported as a case,2,NA,Vaccination status
2021-10-03,Under 12 years old,1,NA,Vaccination status
2021-10-10,No doses received prior to being reported as a case,19,NA,Vaccination status
2021-10-10,Partially vaccinated,3,NA,Vaccination status
2021-10-10,Fully vaccinated at least 7 days before reported as a case,2,NA,Vaccination status
2021-10-10,Under 12 years old,1,NA,Vaccination status
2021-10-17,No doses received prior to being reported as a case,26,NA,Vaccination status
2021-10-17,Partially vaccinated,7,NA,Vaccination status
2021-10-17,Fully vaccinated at least 7 days before reported as a case,1,NA,Vaccination status
2021-10-17,Under 12 years old,3,NA,Vaccination status
2021-10-24,No doses received prior to being reported as a case,49,NA,Vaccination status
2021-10-24,Partially vaccinated,13,NA,Vaccination status
2021-10-24,Fully vaccinated at least 7 days before reported as a case,3,NA,Vaccination status
2021-10-24,Under 12 years old,2,NA,Vaccination status
2021-10-31,No doses received prior to being reported as a case,44,NA,Vaccination status
2021-10-31,Partially vaccinated,15,NA,Vaccination status
2021-10-31,Fully vaccinated at least 7 days before reported as a case,5,NA,Vaccination status
2021-10-31,Under 12 years old,4,NA,Vaccination status
2021-11-07,No doses received prior to being reported as a case,54,NA,Vaccination status
2021-11-07,Partially vaccinated,18,NA,Vaccination status
2021-11-07,Fully vaccinated at least 7 days before reported as a case,11,NA,Vaccination status
2021-11-07,Under 12 years old,3,NA,Vaccination status
2021-11-14,No doses received prior to being reported as a case,51,NA,Vaccination status
2021-11-14,Partially vaccinated,19,NA,Vaccination status
2021-11-14,Fully vaccinated at least 7 days before reported as a case,11,NA,Vaccination status
2021-11-14,Under 12 years old,7,NA,Vaccination status
2021-11-21,No doses received prior to being reported as a case,42,NA,Vaccination status
2021-11-21,Partially vaccinated,17,NA,Vaccination status
2021-11-21,Fully vaccinated at least 7 days before reported as a case,17,NA,Vaccination status
2021-11-21,Under 12 years old,10,NA,Vaccination status
2021-11-28,No doses received prior to being reported as a case,57,NA,Vaccination status
2021-11-28,Partially vaccinated,14,NA,Vaccination status
2021-11-28,Fully vaccinated at least 7 days before reported as a case,10,NA,Vaccination status
2021-11-28,Under 12 years old,13,NA,Vaccination status
2021-12-05,No doses received prior to being reported as a case,26,NA,Vaccination status
2021-12-05,Partially vaccinated,18,NA,Vaccination status
2021-12-05,Fully vaccinated at least 7 days before reported as a case,7,NA,Vaccination status
2021-12-05,Under 12 years old,4,NA,Vaccination status
2021-12-12,No doses received prior to being reported as a case,15,NA,Vaccination status
2021-12-12,Partially vaccinated,8,NA,Vaccination status
2021-12-12,Fully vaccinated at least 7 days before reported as a case,6,NA,Vaccination status
2021-12-12,Received booster at least 7 days before being reported as a case,2,NA,Vaccination status
2021-12-12,Under 12 years old,4,NA,Vaccination status
2021-12-19,No doses received prior to being reported as a case,25,NA,Vaccination status
2021-12-19,Partially vaccinated,2,NA,Vaccination status
2021-12-19,Fully vaccinated at least 7 days before reported as a case,8,NA,Vaccination status
2021-12-19,Under 12 years old,3,NA,Vaccination status
2021-12-26,No doses received prior to being reported as a case,11,NA,Vaccination status
2021-12-26,Partially vaccinated,4,NA,Vaccination status
2021-12-26,Fully vaccinated at least 7 days before reported as a case,9,NA,Vaccination status
2021-12-26,Received booster at least 7 days before being reported as a case,3,NA,Vaccination status
2021-12-26,Under 12 years old,5,NA,Vaccination status
2022-01-02,No doses received prior to being reported as a case,7,NA,Vaccination status
2022-01-02,Partially vaccinated,1,NA,Vaccination status
2022-01-02,Fully vaccinated at least 7 days before reported as a case,6,NA,Vaccination status
2022-01-02,Received booster at least 7 days before being reported as a case,1,NA,Vaccination status
2022-01-09,No doses received prior to being reported as a case,5,NA,Vaccination status
2022-01-09,Partially vaccinated,1,NA,Vaccination status
2022-01-09,Fully vaccinated at least 7 days before reported as a case,5,NA,Vaccination status
2022-01-09,Under 12 years old,3,NA,Vaccination status
2022-01-16,No doses received prior to being reported as a case,10,NA,Vaccination status
2022-01-16,Fully vaccinated at least 7 days before reported as a case,4,NA,Vaccination status
2022-01-16,Received booster at least 7 days before being reported as a case,3,NA,Vaccination status
2022-01-16,Under 12 years old,2,NA,Vaccination status
2022-01-23,No doses received prior to being reported as a case,3,NA,Vaccination status
2022-01-23,Fully vaccinated at least 7 days before reported as a case,4,NA,Vaccination status
2022-01-23,Received booster at least 7 days before being reported as a case,4,NA,Vaccination status
2022-01-30,No doses received prior to being reported as a case,2,NA,Vaccination status
2022-01-30,Partially vaccinated,2,NA,Vaccination status
2022-01-30,Fully vaccinated at least 7 days before reported as a case,5,NA,Vaccination status
2022-01-30,Received booster at least 7 days before being reported as a case,4,NA,Vaccination status
2022-01-30,Under 12 years old,2,NA,Vaccination status
2022-02-06,No doses received prior to being reported as a case,4,NA,Vaccination status
2022-02-06,Partially vaccinated,2,NA,Vaccination status
2022-02-06,Fully vaccinated at least 7 days before reported as a case,22,NA,Vaccination status
2022-02-06,Received booster at least 7 days before being reported as a case,8,NA,Vaccination status
2022-02-06,Under 12 years old,5,NA,Vaccination status
2022-02-13,No doses received prior to being reported as a case,6,NA,Vaccination status
2022-02-13,Partially vaccinated,4,NA,Vaccination status
2022-02-13,Fully vaccinated at least 7 days before reported as a case,40,NA,Vaccination status
2022-02-13,Received booster at least 7 days before being reported as a case,21,NA,Vaccination status
2022-02-13,Under 12 years old,18,NA,Vaccination status
2022-02-20,No doses received prior to being reported as a case,24,NA,Vaccination status
2022-02-20,Partially vaccinated,8,NA,Vaccination status
2022-02-20,Fully vaccinated at least 7 days before reported as a case,117,NA,Vaccination status
2022-02-20,Received booster at least 7 days before being reported as a case,37,NA,Vaccination status
2022-02-20,Under 12 years old,57,NA,Vaccination status
2022-02-27,No doses received prior to being reported as a case,46,NA,Vaccination status
2022-02-27,Partially vaccinated,13,NA,Vaccination status
2022-02-27,Fully vaccinated at least 7 days before reported as a case,326,NA,Vaccination status
2022-02-27,Received booster at least 7 days before being reported as a case,120,NA,Vaccination status
2022-02-27,Under 12 years old,124,NA,Vaccination status
2022-03-06,No doses received prior to being reported as a case,110,NA,Vaccination status
2022-03-06,Partially vaccinated,36,NA,Vaccination status
2022-03-06,Fully vaccinated at least 7 days before reported as a case,428,NA,Vaccination status
2022-03-06,Received booster at least 7 days before being reported as a case,194,NA,Vaccination status
2022-03-06,Under 12 years old,154,NA,Vaccination status
2022-03-13,No doses received prior to being reported as a case,181,NA,Vaccination status
2022-03-13,Partially vaccinated,29,NA,Vaccination status
2022-03-13,Fully vaccinated at least 7 days before reported as a case,425,NA,Vaccination status
2022-03-13,Received booster at least 7 days before being reported as a case,296,NA,Vaccination status
2022-03-13,Under 12 years old,178,NA,Vaccination status
2022-03-20,No doses received prior to being reported as a case,126,NA,Vaccination status
2022-03-20,Partially vaccinated,33,NA,Vaccination status
2022-03-20,Fully vaccinated at least 7 days before reported as a case,307,NA,Vaccination status
2022-03-20,Received booster at least 7 days before being reported as a case,304,NA,Vaccination status
2022-03-20,Under 12 years old,175,NA,Vaccination status
2022-03-27,No doses received prior to being reported as a case,98,NA,Vaccination status
2022-03-27,Partially vaccinated,25,NA,Vaccination status
2022-03-27,Fully vaccinated at least 7 days before reported as a case,230,NA,Vaccination status
2022-03-27,Received booster at least 7 days before being reported as a case,292,NA,Vaccination status
2022-03-27,Under 12 years old,150,NA,Vaccination status
2022-04-03,No doses received prior to being reported as a case,73,NA,Vaccination status
2022-04-03,Partially vaccinated,16,NA,Vaccination status
2022-04-03,Fully vaccinated at least 7 days before reported as a case,178,NA,Vaccination status
2022-04-03,Received booster at least 7 days before being reported as a case,301,NA,Vaccination status
2022-04-03,Under 12 years old,136,NA,Vaccination status
2022-04-10,No doses received prior to being reported as a case,53,NA,Vaccination status
2022-04-10,Partially vaccinated,17,NA,Vaccination status
2022-04-10,Fully vaccinated at least 7 days before reported as a case,148,NA,Vaccination status
2022-04-10,Received booster at least 7 days before being reported as a case,238,NA,Vaccination status
2022-04-10,Under 12 years old,93,NA,Vaccination status
2022-04-17,No doses received prior to being reported as a case,37,NA,Vaccination status
2022-04-17,Partially vaccinated,8,NA,Vaccination status
2022-04-17,Fully vaccinated at least 7 days before reported as a case,108,NA,Vaccination status
2022-04-17,Received booster at least 7 days before being reported as a case,232,NA,Vaccination status
2022-04-17,Under 12 years old,75,NA,Vaccination status
2022-04-24,No doses received prior to being reported as a case,51,NA,Vaccination status
2022-04-24,Partially vaccinated,6,NA,Vaccination status
2022-04-24,Fully vaccinated at least 7 days before reported as a case,103,NA,Vaccination status
2022-04-24,Received booster at least 7 days before being reported as a case,263,NA,Vaccination status
2022-04-24,Under 12 years old,71,NA,Vaccination status
2022-05-01,No doses received prior to being reported as a case,38,NA,Vaccination status
2022-05-01,Partially vaccinated,3,NA,Vaccination status
2022-05-01,Fully vaccinated at least 7 days before reported as a case,112,NA,Vaccination status
2022-05-01,Received booster at least 7 days before being reported as a case,244,NA,Vaccination status
2022-05-01,Under 12 years old,52,NA,Vaccination status
2022-05-08,No doses received prior to being reported as a case,38,NA,Vaccination status
2022-05-08,Partially vaccinated,3,NA,Vaccination status
2022-05-08,Fully vaccinated at least 7 days before reported as a case,91,NA,Vaccination status
2022-05-08,Received booster at least 7 days before being reported as a case,241,NA,Vaccination status
2022-05-08,Under 12 years old,56,NA,Vaccination status
2022-05-15,No doses received prior to being reported as a case,29,NA,Vaccination status
2022-05-15,Partially vaccinated,8,NA,Vaccination status
2022-05-15,Fully vaccinated at least 7 days before reported as a case,93,NA,Vaccination status
2022-05-15,Received booster at least 7 days before being reported as a case,294,NA,Vaccination status
2022-05-15,Under 12 years old,51,NA,Vaccination status
2022-05-22,No doses received prior to being reported as a case,30,NA,Vaccination status
2022-05-22,Partially vaccinated,8,NA,Vaccination status
2022-05-22,Fully vaccinated at least 7 days before reported as a case,94,NA,Vaccination status
2022-05-22,Received booster at least 7 days before being reported as a case,325,NA,Vaccination status
2022-05-22,Under 12 years old,40,NA,Vaccination status
2022-05-29,No doses received prior to being reported as a case,30,NA,Vaccination status
2022-05-29,Partially vaccinated,3,NA,Vaccination status
2022-05-29,Fully vaccinated at least 7 days before reported as a case,93,NA,Vaccination status
2022-05-29,Received booster at least 7 days before being reported as a case,262,NA,Vaccination status
2022-05-29,Under 12 years old,40,NA,Vaccination status
2022-06-05,No doses received prior to being reported as a case,30,NA,Vaccination status
2022-06-05,Partially vaccinated,4,NA,Vaccination status
2022-06-05,Fully vaccinated at least 7 days before reported as a case,95,NA,Vaccination status
2022-06-05,Received booster at least 7 days before being reported as a case,308,NA,Vaccination status
2022-06-05,Under 12 years old,41,NA,Vaccination status
2022-06-12,No doses received prior to being reported as a case,29,NA,Vaccination status
2022-06-12,Partially vaccinated,2,NA,Vaccination status
2022-06-12,Fully vaccinated at least 7 days before reported as a case,69,NA,Vaccination status
2022-06-12,Received booster at least 7 days before being reported as a case,274,NA,Vaccination status
2022-06-12,Under 12 years old,30,NA,Vaccination status
2022-06-19,No doses received prior to being reported as a case,34,NA,Vaccination status
2022-06-19,Partially vaccinated,2,NA,Vaccination status
2022-06-19,Fully vaccinated at least 7 days before reported as a case,70,NA,Vaccination status
2022-06-19,Received booster at least 7 days before being reported as a case,261,NA,Vaccination status
2022-06-19,Under 12 years old,38,NA,Vaccination status
2022-06-26,No doses received prior to being reported as a case,37,NA,Vaccination status
2022-06-26,Partially vaccinated,4,NA,Vaccination status
2022-06-26,Fully vaccinated at least 7 days before reported as a case,68,NA,Vaccination status
2022-06-26,Received booster at least 7 days before being reported as a case,302,NA,Vaccination status
2022-06-26,Under 12 years old,53,NA,Vaccination status
2022-07-03,No doses received prior to being reported as a case,31,NA,Vaccination status
2022-07-03,Partially vaccinated,9,NA,Vaccination status
2022-07-03,Fully vaccinated at least 7 days before reported as a case,82,NA,Vaccination status
2022-07-03,Received booster at least 7 days before being reported as a case,422,NA,Vaccination status
2022-07-03,Under 12 years old,53,NA,Vaccination status
2022-07-10,No doses received prior to being reported as a case,48,NA,Vaccination status
2022-07-10,Partially vaccinated,2,NA,Vaccination status
2022-07-10,Fully vaccinated at least 7 days before reported as a case,98,NA,Vaccination status
2022-07-10,Received booster at least 7 days before being reported as a case,514,NA,Vaccination status
2022-07-10,Under 12 years old,69,NA,Vaccination status
2022-07-17,No doses received prior to being reported as a case,58,NA,Vaccination status
2022-07-17,Partially vaccinated,9,NA,Vaccination status
2022-07-17,Fully vaccinated at least 7 days before reported as a case,109,NA,Vaccination status
2022-07-17,Received booster at least 7 days before being reported as a case,589,NA,Vaccination status
2022-07-17,Under 12 years old,89,NA,Vaccination status
2022-07-24,No doses received prior to being reported as a case,46,NA,Vaccination status
2022-07-24,Partially vaccinated,5,NA,Vaccination status
2022-07-24,Fully vaccinated at least 7 days before reported as a case,95,NA,Vaccination status
2022-07-24,Received booster at least 7 days before being reported as a case,650,NA,Vaccination status
2022-07-24,Under 12 years old,64,NA,Vaccination status
2022-07-31,No doses received prior to being reported as a case,61,NA,Vaccination status
2022-07-31,Partially vaccinated,6,NA,Vaccination status
2022-07-31,Fully vaccinated at least 7 days before reported as a case,103,NA,Vaccination status
2022-07-31,Received booster at least 7 days before being reported as a case,523,NA,Vaccination status
2022-07-31,Under 12 years old,68,NA,Vaccination status
2022-08-07,No doses received prior to being reported as a case,51,NA,Vaccination status
2022-08-07,Partially vaccinated,3,NA,Vaccination status
2022-08-07,Fully vaccinated at least 7 days before reported as a case,85,NA,Vaccination status
2022-08-07,Received booster at least 7 days before being reported as a case,430,NA,Vaccination status
2022-08-07,Under 12 years old,50,NA,Vaccination status
2022-08-14,No doses received prior to being reported as a case,36,NA,Vaccination status
2022-08-14,Partially vaccinated,7,NA,Vaccination status
2022-08-14,Fully vaccinated at least 7 days before reported as a case,69,NA,Vaccination status
2022-08-14,Received booster at least 7 days before being reported as a case,314,NA,Vaccination status
2022-08-14,Under 12 years old,50,NA,Vaccination status
2022-08-21,No doses received prior to being reported as a case,32,NA,Vaccination status
2022-08-21,Partially vaccinated,6,NA,Vaccination status
2022-08-21,Fully vaccinated at least 7 days before reported as a case,52,NA,Vaccination status
2022-08-21,Received booster at least 7 days before being reported as a case,268,NA,Vaccination status
2022-08-21,Under 12 years old,36,NA,Vaccination status
2022-08-28,No doses received prior to being reported as a case,23,NA,Vaccination status
2022-08-28,Partially vaccinated,3,NA,Vaccination status
2022-08-28,Fully vaccinated at least 7 days before reported as a case,36,NA,Vaccination status
2022-08-28,Received booster at least 7 days before being reported as a case,199,NA,Vaccination status
2022-08-28,Under 12 years old,36,NA,Vaccination status
2022-09-04,No doses received prior to being reported as a case,14,NA,Vaccination status
2022-09-04,Partially vaccinated,7,NA,Vaccination status
2022-09-04,Fully vaccinated at least 7 days before reported as a case,36,NA,Vaccination status
2022-09-04,Received booster at least 7 days before being reported as a case,160,NA,Vaccination status
2022-09-04,Under 12 years old,28,NA,Vaccination status
2022-09-11,No doses received prior to being reported as a case,14,NA,Vaccination status
2022-09-11,Partially vaccinated,1,NA,Vaccination status
2022-09-11,Fully vaccinated at least 7 days before reported as a case,35,NA,Vaccination status
2022-09-11,Received booster at least 7 days before being reported as a case,131,NA,Vaccination status
2022-09-11,Under 12 years old,18,NA,Vaccination status
2022-09-18,No doses received prior to being reported as a case,8,NA,Vaccination status
2022-09-18,Partially vaccinated,3,NA,Vaccination status
2022-09-18,Fully vaccinated at least 7 days before reported as a case,27,NA,Vaccination status
2022-09-18,Received booster at least 7 days before being reported as a case,113,NA,Vaccination status
2022-09-18,Under 12 years old,12,NA,Vaccination status
2022-09-25,No doses received prior to being reported as a case,13,NA,Vaccination status
2022-09-25,Partially vaccinated,2,NA,Vaccination status
2022-09-25,Fully vaccinated at least 7 days before reported as a case,31,NA,Vaccination status
2022-09-25,Received booster at least 7 days before being reported as a case,124,NA,Vaccination status
2022-09-25,Under 12 years old,24,NA,Vaccination status
2022-10-02,No doses received prior to being reported as a case,15,NA,Vaccination status
2022-10-02,Partially vaccinated,2,NA,Vaccination status
2022-10-02,Fully vaccinated at least 7 days before reported as a case,19,NA,Vaccination status
2022-10-02,Received booster at least 7 days before being reported as a case,100,NA,Vaccination status
2022-10-02,Under 12 years old,15,NA,Vaccination status
2022-10-09,No doses received prior to being reported as a case,19,NA,Vaccination status
2022-10-09,Partially vaccinated,3,NA,Vaccination status
2022-10-09,Fully vaccinated at least 7 days before reported as a case,23,NA,Vaccination status
2022-10-09,Received booster at least 7 days before being reported as a case,137,NA,Vaccination status
2022-10-09,Under 12 years old,23,NA,Vaccination status
2022-10-16,No doses received prior to being reported as a case,22,NA,Vaccination status
2022-10-16,Partially vaccinated,1,NA,Vaccination status
2022-10-16,Fully vaccinated at least 7 days before reported as a case,35,NA,Vaccination status
2022-10-16,Received booster at least 7 days before being reported as a case,208,NA,Vaccination status
2022-10-16,Under 12 years old,25,NA,Vaccination status
2022-10-23,No doses received prior to being reported as a case,22,NA,Vaccination status
2022-10-23,Partially vaccinated,3,NA,Vaccination status
2022-10-23,Fully vaccinated at least 7 days before reported as a case,43,NA,Vaccination status
2022-10-23,Received booster at least 7 days before being reported as a case,267,NA,Vaccination status
2022-10-23,Under 12 years old,30,NA,Vaccination status
2022-10-30,No doses received prior to being reported as a case,33,NA,Vaccination status
2022-10-30,Partially vaccinated,2,NA,Vaccination status
2022-10-30,Fully vaccinated at least 7 days before reported as a case,47,NA,Vaccination status
2022-10-30,Received booster at least 7 days before being reported as a case,243,NA,Vaccination status
2022-10-30,Under 12 years old,28,NA,Vaccination status
2022-11-06,No doses received prior to being reported as a case,40,NA,Vaccination status
2022-11-06,Partially vaccinated,2,NA,Vaccination status
2022-11-06,Fully vaccinated at least 7 days before reported as a case,49,NA,Vaccination status
2022-11-06,Received booster at least 7 days before being reported as a case,281,NA,Vaccination status
2022-11-06,Under 12 years old,37,NA,Vaccination status
2022-11-13,No doses received prior to being reported as a case,42,NA,Vaccination status
2022-11-13,Partially vaccinated,1,NA,Vaccination status
2022-11-13,Fully vaccinated at least 7 days before reported as a case,57,NA,Vaccination status
2022-11-13,Received booster at least 7 days before being reported as a case,246,NA,Vaccination status
2022-11-13,Under 12 years old,45,NA,Vaccination status
2022-11-20,No doses received prior to being reported as a case,35,NA,Vaccination status
2022-11-20,Partially vaccinated,4,NA,Vaccination status
2022-11-20,Fully vaccinated at least 7 days before reported as a case,54,NA,Vaccination status
2022-11-20,Received booster at least 7 days before being reported as a case,314,NA,Vaccination status
2022-11-20,Under 12 years old,43,NA,Vaccination status
2022-11-27,No doses received prior to being reported as a case,34,NA,Vaccination status
2022-11-27,Partially vaccinated,7,NA,Vaccination status
2022-11-27,Fully vaccinated at least 7 days before reported as a case,62,NA,Vaccination status
2022-11-27,Received booster at least 7 days before being reported as a case,302,NA,Vaccination status
2022-11-27,Under 12 years old,45,NA,Vaccination status
2022-12-04,No doses received prior to being reported as a case,37,NA,Vaccination status
2022-12-04,Partially vaccinated,4,NA,Vaccination status
2022-12-04,Fully vaccinated at least 7 days before reported as a case,97,NA,Vaccination status
2022-12-04,Received booster at least 7 days before being reported as a case,404,NA,Vaccination status
2022-12-04,Under 12 years old,60,NA,Vaccination status
2022-12-11,No doses received prior to being reported as a case,42,NA,Vaccination status
2022-12-11,Partially vaccinated,9,NA,Vaccination status
2022-12-11,Fully vaccinated at least 7 days before reported as a case,97,NA,Vaccination status
2022-12-11,Received booster at least 7 days before being reported as a case,464,NA,Vaccination status
2022-12-11,Under 12 years old,65,NA,Vaccination status
